Date,Open,fb_close,google_close,amazon_close,apple_close
2012/5/18,1305.050049,38.23,298.260101,213.850006,75.76857
2012/5/21,1295.72998,34.029999,305.070801,218.110001,80.182854
2012/5/22,1316.089966,31,298.458801,215.330002,79.567146
2012/5/23,1316.02002,32,302.760834,217.279999,81.508568
2012/5/24,1318.719971,33.029999,299.879578,215.240005,80.760002
2012/5/25,1320.810059,31.91,293.85376,212.889999,80.327141
2012/5/29,1318.900024,28.84,295.249695,214.75,81.752853
2012/5/30,1331.25,28.190001,292.214417,209.229996,82.738571
2012/5/31,1313.089966,29.6,288.553253,212.910004,82.53286
2012/6/1,1309.869995,27.719999,283.645172,208.220001,80.141426
2012/6/4,1278.290039,26.9,287.425568,214.570007,80.612854
2012/6/5,1277.819946,25.870001,283.362,213.210007,80.404289
2012/6/6,1285.609985,26.809999,288.40918,217.639999,81.637146
2012/6/7,1316.150024,26.309999,287.246735,218.800003,81.674286
2012/6/8,1314.98999,27.1,288.349579,218.479996,82.902855
2012/6/11,1325.719971,27.01,282.413177,216.5,81.595711
2012/6/12,1309.400024,27.4,280.724152,216.419998,82.308571
2012/6/13,1324.02002,27.27,278.732117,214.729996,81.737144
2012/6/14,1314.880005,28.290001,277.718719,214.449997,81.647141
2012/6/15,1329.189941,30.01,280.431061,218.350006,82.01857
2012/6/18,1342.420044,31.41,283.580566,222.660004,83.682854
2012/6/19,1344.829956,31.91,288.886078,224.029999,83.915718
2012/6/20,1358.040039,31.6,286.889069,223.020004,83.677139
2012/6/21,1355.430054,31.84,280.778809,220.570007,82.524284
2012/6/22,1325.920044,33.049999,283.893555,222.160004,83.157143
2012/6/25,1334.900024,32.060001,278.538391,220.070007,81.538574
2012/6/26,1314.089966,33.099998,280.515503,225.610001,81.718575
2012/6/27,1320.709961,32.23,282.810577,225.619995,82.071426
2012/6/28,1331.52002,31.360001,280.331726,221.309998,81.292854
2012/6/29,1330.119995,31.1,288.160797,228.350006,83.428574
2012/7/2,1362.329956,30.77,288.359497,229.320007,84.645714
2012/7/3,1365.75,31.200001,292.015717,229.529999,85.629997
2012/7/5,1373.719971,31.469999,296.034576,227.059998,87.134285
2012/7/6,1367.089966,31.73,291.09671,225.050003,86.554283
2012/7/9,1354.660034,32.169998,291.111603,225.050003,87.69857
2012/7/10,1352.959961,31.469999,288.97052,219.5,86.887146
2012/7/11,1341.400024,30.969999,283.749481,218.369995,86.347145
2012/7/12,1341.290039,30.809999,283.39679,215.360001,85.557144
2012/7/13,1334.810059,30.719999,286.397247,218.389999,86.424286
2012/7/16,1356.5,28.25,285.602417,216.009995,86.701431
2012/7/17,1353.680054,28.09,286.501587,216.929993,86.705711
2012/7/18,1363.579956,29.110001,288.503571,217.470001,86.608574
2012/7/19,1373.01001,29,294.613831,226.169998,87.760002
2012/7/20,1376.51001,28.76,303.436432,228.289993,86.328575
2012/7/23,1362.339966,28.75,305.766296,226.009995,86.261429
2012/7/24,1350.52002,28.450001,301.82193,223.039993,85.845711
2012/7/25,1338.349976,29.34,302.030579,217.050003,82.138573
2012/7/26,1338.170044,26.85,304.698242,220.009995,82.125717
2012/7/27,1360.050049,23.709999,315.428436,237.320007,83.594284
2012/7/30,1385.939941,23.15,314.107025,236.089996,85.004288
2012/7/31,1385.27002,21.709999,314.43988,233.300003,87.251427
2012/8/1,1379.319946,20.879999,314.295807,232.089996,86.687141
2012/8/2,1375.130005,20.040001,312.343506,230.809998,86.827141
2012/8/3,1365.449951,21.09,318.592865,234.970001,87.957146
2012/8/6,1391.040039,21.92,319.333038,233.990005,88.935715
2012/8/7,1394.459961,20.719999,318.200409,236.559998,88.701431
2012/8/8,1401.22998,20.719999,319.039948,234.380005,88.55143
2012/8/9,1402.26001,21.01,319.099579,234.059998,88.675713
2012/8/10,1402.579956,21.809999,318.92569,232.75,88.814285
2012/8/13,1405.869995,21.6,327.872498,232.440002,90
2012/8/14,1404.359985,20.379999,332.169556,233.190002,90.241432
2012/8/15,1403.890015,21.200001,331.61319,237.419998,90.118568
2012/8/16,1405.569946,19.870001,334.260956,241.550003,90.905716
2012/8/17,1415.839966,19.049999,336.382172,241.169998,92.587143
2012/8/20,1417.849976,20.01,335.587341,240.350006,95.021431
2012/8/21,1418.130005,19.16,332.591797,239.449997,93.722855
2012/8/22,1413.089966,19.440001,336.402039,243.100006,95.552856
2012/8/23,1413.48999,19.440001,336.213257,241.199997,94.66143
2012/8/24,1401.98999,19.41,337.122345,245.740005,94.745712
2012/8/27,1411.130005,19.15,332.447754,243.919998,96.525711
2012/8/28,1410.439941,19.34,336.436798,246.110001,96.400002
2012/8/29,1409.319946,19.1,341.782043,247.119995,96.209999
2012/8/30,1410.079956,19.09,338.637482,246.220001,94.83857
2012/8/31,1400.069946,18.059999,340.331482,248.270004,95.034286
2012/9/4,1406.540039,17.73,338.31955,247.880005,96.424286
2012/9/5,1404.939941,18.58,338.160583,246.220001,95.747147
2012/9/6,1403.73999,18.959999,347.440247,251.380005,96.610001
2012/9/7,1432.119995,18.98,350.793427,259.140015,97.205711
2012/9/10,1437.920044,18.809999,348.120819,257.089996,94.677139
2012/9/11,1429.130005,19.43,343.858521,255.669998,94.370003
2012/9/12,1433.560059,20.93,343.207764,255.630005,95.684288
2012/9/13,1436.560059,20.709999,350.73877,260.23999,97.568573
2012/9/14,1460.069946,22,352.547028,261.269989,98.754288
2012/9/17,1465.420044,21.52,352.696045,258,99.968575
2012/9/18,1461.189941,21.870001,356.819244,258.75,100.272858
2012/9/19,1459.5,23.290001,361.399445,261.679993,100.300003
2012/9/20,1461.050049,22.59,361.707428,260.809998,99.814285
2012/9/21,1460.339966,22.860001,364.623474,257.470001,100.012856
2012/9/24,1459.76001,20.790001,372.268738,254.800003,98.684288
2012/9/25,1456.939941,20.280001,372.159454,252.460007,96.220001
2012/9/26,1441.599976,20.620001,374.295563,249.669998,95.025711
2012/9/27,1433.359985,20.32,375.805756,256.589996,97.331429
2012/9/28,1447.130005,21.66,374.812195,254.320007,95.300003
2012/10/1,1440.900024,21.99,378.42868,252.009995,94.19857
2012/10/2,1444.98999,22.27,376.049164,250.600006,94.472855
2012/10/3,1446.050049,21.83,378.786346,255.919998,95.921425
2012/10/4,1451.079956,21.950001,381.543427,260.470001,95.257141
2012/10/5,1461.400024,20.91,381.344727,258.51001,93.227142
2012/10/8,1460.930054,20.4,376.471405,259.059998,91.167145
2012/10/9,1455.900024,20.23,369.640839,250.960007,90.835716
2012/10/10,1441.47998,19.639999,369.874329,244.990005,91.558571
2012/10/11,1432.819946,19.75,373.311951,244.220001,89.728569
2012/10/12,1432.839966,19.52,369.968719,242.360001,89.958572
2012/10/15,1428.75,19.52,368.095886,244.179993,90.68
2012/10/16,1440.310059,19.48,369.943878,243.940002,92.827141
2012/10/17,1454.219971,19.879999,375.304016,247.490005,92.087143
2012/10/18,1460.939941,18.98,345.254456,244.850006,90.377144
2012/10/19,1457.339966,19,338.692139,240,87.120003
2012/10/22,1433.209961,19.32,337.142212,233.779999,90.575714
2012/10/23,1433.73999,19.5,337.976776,234.309998,87.622856
2012/10/24,1413.199951,23.23,336.461639,228.490005,88.118568
2012/10/25,1409.73999,22.559999,336.690155,222.919998,87.077141
2012/10/26,1412.969971,21.940001,335.393585,238.240005,86.285713
2012/10/31,1410.98999,21.110001,337.951935,232.889999,85.045715
2012/11/1,1412.199951,21.209999,341.573395,232.139999,85.220001
2012/11/2,1427.589966,21.18,341.737335,232.419998,82.400002
2012/11/5,1414.02002,21.25,339.273346,234.330002,83.517143
2012/11/6,1417.26001,21.17,338.657349,237.559998,83.264282
2012/11/7,1428.27002,20.469999,331.404541,232.059998,79.714287
2012/11/8,1394.530029,19.99,324.037445,227.350006,76.821426
2012/11/9,1377.550049,19.209999,329.372742,226.309998,78.151428
2012/11/12,1379.859985,20.07,330.798462,226.470001,77.547142
2012/11/13,1380.030029,19.860001,327.395599,226.600006,77.557144
2012/11/14,1374.640015,22.360001,324.166595,222.949997,76.697144
2012/11/15,1355.410034,22.17,321.538696,220.600006,75.08857
2012/11/16,1353.359985,23.559999,321.498962,225.229996,75.382858
2012/11/19,1359.880005,22.92,331.946014,229.710007,80.818573
2012/11/20,1386.819946,23.1,332.820313,233.779999,80.129997
2012/11/21,1387.790039,24.32,330.783569,238.029999,80.242859
2012/11/23,1391.030029,24,331.826782,239.880005,81.64286
2012/11/26,1409.150024,25.940001,328.438812,243.619995,84.218575
2012/11/27,1406.290039,26.15,333.187927,243.399994,83.540001
2012/11/28,1398.77002,26.360001,339.626068,247.110001,83.277145
2012/11/29,1409.959961,27.32,343.709503,251.270004,84.194283
2012/11/30,1415.949951,28,346.928558,252.050003,83.611427
2012/12/3,1416.339966,27.040001,345.378632,250.330002,83.741432
2012/12/4,1409.459961,27.459999,343.282288,252.490005,82.264282
2012/12/5,1407.050049,27.709999,341.687653,253.960007,76.970001
2012/12/6,1409.430054,26.969999,343.33197,253.369995,78.177139
2012/12/7,1413.949951,27.49,339.894318,253.270004,76.178574
2012/12/10,1418.069946,27.84,340.495392,247.770004,75.688568
2012/12/11,1418.550049,27.98,346.188385,250.690002,77.341431
2012/12/12,1427.839966,27.58,346.526184,251.759995,77
2012/12/13,1428.47998,28.24,349.079559,251.25,75.669998
2012/12/14,1419.449951,26.809999,348.711975,249.190002,72.827141
2012/12/17,1413.540039,26.75,358.061157,253.860001,74.118568
2012/12/18,1430.469971,27.709999,358.205231,260.399994,76.271431
2012/12/19,1446.790039,27.41,357.728333,257.98999,75.187141
2012/12/20,1435.810059,27.360001,358.846039,261.5,74.53286
2012/12/21,1443.670044,26.26,355.502808,256.920013,74.190002
2012/12/24,1430.150024,26.93,352.457611,258.619995,74.309998
2012/12/26,1426.660034,26.51,352.144653,248.630005,73.285713
2012/12/27,1419.829956,26.049999,350.862976,248.309998,73.580002
2012/12/28,1418.099976,25.91,347.743256,245.179993,72.798569
2012/12/31,1402.430054,26.620001,351.404449,250.869995,76.024284
2013/1/2,1426.189941,28,359.288177,257.309998,78.432854
2013/1/3,1462.420044,27.77,359.496826,258.480011,77.442856
2013/1/4,1459.369995,28.76,366.600616,259.149994,75.285713
2013/1/7,1466.469971,29.42,365.001007,268.459991,74.842857
2013/1/8,1461.890015,29.059999,364.280701,266.380005,75.044289
2013/1/9,1457.150024,30.59,366.67514,266.350006,73.871429
2013/1/10,1461.02002,31.299999,368.344269,265.339996,74.78714
2013/1/11,1472.119995,31.719999,367.604095,267.940002,74.328575
2013/1/14,1472.050049,30.950001,359.288177,272.730011,71.678574
2013/1/15,1470.670044,30.1,360.122742,271.899994,69.417145
2013/1/16,1472.329956,29.85,355.28421,268.929993,72.298569
2013/1/17,1472.630005,30.139999,353.361725,270.480011,71.811432
2013/1/18,1480.949951,29.66,349.978729,272.119995,71.428574
2013/1/22,1485.97998,30.73,349.164032,270.190002,72.110001
2013/1/23,1492.560059,30.82,368.354218,268.109985,73.43
2013/1/24,1494.810059,31.08,374.668152,273.459991,64.35714
2013/1/25,1494.819946,31.540001,374.399902,283.98999,62.84
2013/1/28,1502.959961,32.470001,372.939392,276.040009,64.261429
2013/1/29,1500.180054,30.790001,374.404846,260.350006,65.46714
2013/1/30,1507.839966,31.24,374.47937,272.76001,65.261429
2013/1/31,1501.959961,30.98,375.403351,265.5,65.07
2013/2/1,1498.109985,29.73,385.294037,265,64.802856
2013/2/4,1513.170044,28.110001,377.057617,259.980011,63.188572
2013/2/5,1495.709961,28.639999,380.395905,266.890015,65.405716
2013/2/6,1511.290039,29.049999,382.596588,262.220001,65.335716
2013/2/7,1512.119995,28.65,384.474365,260.230011,66.888573
2013/2/8,1509.390015,28.549999,390.147461,261.950012,67.854286
2013/2/11,1517.930054,28.26,388.682007,257.209991,68.561432
2013/2/12,1517.01001,27.370001,387.827545,258.700012,66.842857
2013/2/13,1519.430054,27.91,388.900574,269.470001,66.715714
2013/2/14,1520.329956,28.5,391.364563,269.23999,66.655716
2013/2/15,1521.380005,28.32,393.883179,265.089996,65.737144
2013/2/19,1519.790039,28.93,400.818054,269.75,65.71286
2013/2/20,1530.939941,28.459999,393.669556,266.410004,64.121429
2013/2/21,1511.949951,27.280001,395.194641,265.940002,63.722858
2013/2/22,1502.420044,27.129999,397.271149,265.420013,64.401428
2013/2/25,1515.599976,27.27,392.830017,259.869995,63.257141
2013/2/26,1487.849976,27.389999,392.512085,259.359985,64.138573
2013/2/27,1496.939941,26.870001,397.305908,263.25,63.509998
2013/2/28,1515.98999,27.25,398.011322,264.269989,63.057144
2013/3/1,1514.680054,27.780001,400.490204,265.73999,61.495716
2013/3/4,1518.199951,27.719999,408.095734,273.109985,60.007141
2013/3/5,1525.199951,27.52,416.590485,275.589996,61.591427
2013/3/6,1539.790039,27.450001,413.003815,273.790009,60.808571
2013/3/7,1541.459961,28.58,413.609863,273.880005,61.511429
2013/3/8,1544.26001,27.959999,413.073364,274.190002,61.674286
2013/3/11,1551.150024,28.139999,414.712708,271.23999,62.552856
2013/3/12,1556.219971,27.83,411.130981,274.130005,61.204285
2013/3/13,1552.47998,27.08,409.988434,275.100006,61.192856
2013/3/14,1554.52002,27.040001,408.115601,265.73999,61.785713
2013/3/15,1563.209961,26.65,404.518982,261.820007,63.380001
2013/3/18,1560.699951,26.49,401.285034,257.890015,65.102859
2013/3/19,1552.099976,26.549999,403.038635,256.410004,64.927139
2013/3/20,1548.339966,25.860001,404.722656,257.279999,64.582855
2013/3/21,1558.709961,25.74,403.00882,253.389999,64.675713
2013/3/22,1545.900024,25.73,402.536896,257.75,65.987144
2013/3/25,1556.890015,25.129999,402.204041,256.019989,66.225716
2013/3/26,1551.689941,25.209999,403.585083,260.309998,65.877144
2013/3/27,1563.75,26.09,398.736603,265.299988,64.582855
2013/3/28,1562.859985,25.58,394.528961,266.48999,63.237144
2013/4/1,1569.180054,25.530001,398.006348,261.609985,61.272858
2013/4/2,1562.170044,25.42,403.893066,263.320007,61.398571
2013/4/3,1570.25,26.25,400.495178,259.029999,61.712856
2013/4/4,1553.689941,27.07,394.966125,259.079987,61.102856
2013/4/5,1559.97998,27.389999,388.994965,255.479996,60.457142
2013/4/8,1553.26001,26.85,384.921448,258.950012,60.887142
2013/4/9,1563.109985,26.59,386.312408,261.140015,60.997143
2013/4/10,1568.609985,27.57,392.536926,264.769989,62.241428
2013/4/11,1587.72998,28.02,392.641235,269.850006,62.047142
2013/4/12,1593.300049,27.4,392.472351,272.869995,61.400002
2013/4/15,1588.839966,26.52,388.438568,267.720001,59.978573
2013/4/16,1552.359985,26.92,394.121613,272.339996,60.89143
2013/4/17,1574.569946,26.629999,388.751556,267.399994,57.542858
2013/4/18,1552.030029,25.690001,380.480347,259.420013,56.007141
2013/4/19,1541.609985,25.73,397.350616,260.320007,55.790001
2013/4/22,1555.25,25.969999,397.469849,263.549988,56.952858
2013/4/23,1562.5,25.98,401.339661,268.899994,58.01857
2013/4/24,1578.780029,26.110001,404.096741,268.779999,57.922855
2013/4/25,1578.930054,26.139999,401.935791,274.700012,58.34
2013/4/26,1585.160034,26.85,398.120605,254.809998,59.599998
2013/4/29,1582.339966,26.98,406.883606,249.740005,61.445713
2013/4/30,1593.579956,27.77,409.620819,253.809998,63.254284
2013/5/1,1597.550049,27.43,407.564178,248.229996,62.755714
2013/5/2,1582.77002,28.969999,412.124542,252.550003,63.645714
2013/5/3,1597.599976,28.309999,420.127472,258.049988,64.28286
2013/5/6,1614.400024,27.57,427.991333,255.720001,65.815712
2013/5/7,1617.550049,26.889999,425.845276,257.730011,65.522858
2013/5/8,1625.949951,27.120001,433.99231,258.679993,66.262856
2013/5/9,1632.689941,27.040001,432.924255,260.160004,65.252853
2013/5/10,1626.689941,26.68,437.270966,263.630005,64.709999
2013/5/13,1632.099976,26.82,435.929688,264.51001,64.96286
2013/5/14,1633.75,27.07,440.683777,268.329987,63.408573
2013/5/15,1649.130005,26.6,454.985748,266.559998,61.264286
2013/5/16,1658.069946,26.129999,449.014587,264.119995,62.082859
2013/5/17,1652.449951,26.25,451.652435,269.899994,61.894287
2013/5/20,1665.709961,25.76,451.329529,267.630005,63.275715
2013/5/21,1666.199951,25.66,450.554565,268.859985,62.808571
2013/5/22,1669.390015,25.16,441.836273,262.959991,63.049999
2013/5/23,1651.619995,25.059999,438.542694,261.799988,63.162857
2013/5/24,1646.670044,24.309999,433.838287,261.73999,63.592857
2013/5/28,1652.630005,24.1,437.787628,267.290009,63.062859
2013/5/29,1656.569946,23.32,431.349487,265.529999,63.564285
2013/5/30,1649.140015,24.549999,432.566559,266.829987,64.511429
2013/5/31,1652.130005,24.35,432.795074,269.200012,64.247147
2013/6/3,1631.709961,23.85,431.011688,266.880005,64.388573
2013/6/4,1640.72998,23.52,426.774231,265.700012,64.187141
2013/6/5,1629.050049,22.9,427.072296,267.170013,63.587143
2013/6/6,1609.290039,22.969999,429.526337,267.829987,62.637142
2013/6/7,1625.27002,23.290001,437.022583,276.869995,63.115715
2013/6/10,1644.670044,24.33,442.233704,281.070007,62.69857
2013/6/11,1638.640015,24.030001,437.062317,274.779999,62.514286
2013/6/12,1629.939941,23.77,433.172638,271.670013,61.741428
2013/6/13,1612.150024,23.73,435.666412,275.790009,62.279999
2013/6/14,1635.52002,23.629999,434.692749,273.98999,61.435715
2013/6/17,1630.640015,24.02,440.261536,278.059998,61.714287
2013/6/18,1639.77002,24.209999,447.400085,281.76001,61.681427
2013/6/19,1651.829956,24.309999,447.429901,278.160004,60.42857
2013/6/20,1624.619995,23.9,439.511414,273.440002,59.548573
2013/6/21,1588.619995,24.530001,437.618713,273.359985,59.07143
2013/6/24,1588.77002,23.940001,432.084717,270.609985,57.505714
2013/6/25,1577.52002,24.25,430.3013,272.089996,57.51857
2013/6/26,1592.27002,24.16,434.002228,277.570007,56.867142
2013/6/27,1606.439941,24.66,435.701172,277.549988,56.254284
2013/6/28,1611.119995,24.879999,437.340515,277.690002,56.647144
2013/7/1,1609.780029,24.809999,441.071259,282.100006,58.459999
2013/7/2,1614.290039,24.41,438.30426,283.730011,59.784286
2013/7/3,1611.47998,24.52,440.350952,284.029999,60.114285
2013/7/5,1618.650024,24.370001,443.858124,285.880005,59.631428
2013/7/8,1634.199951,24.709999,449.620636,290.589996,59.292858
2013/7/9,1642.890015,25.48,449.69516,291.529999,60.335712
2013/7/10,1651.560059,25.799999,450.067749,292.329987,60.104286
2013/7/11,1657.410034,25.809999,457.146698,299.660004,61.041428
2013/7/12,1675.26001,25.91,458.517792,307.549988,60.93
2013/7/15,1679.589966,26.280001,459.35733,306.570007,61.062859
2013/7/16,1682.699951,26.32,456.83374,306.869995,61.457142
2013/7/17,1677.910034,26.65,456.307159,308.690002,61.472858
2013/7/18,1681.050049,26.18,452.397583,304.109985,61.68
2013/7/19,1686.150024,25.879999,445.403076,305.230011,60.707142
2013/7/22,1694.410034,26.049999,452.407532,303.480011,60.901428
2013/7/23,1696.630005,26.129999,448.979828,301.059998,59.855713
2013/7/24,1696.060059,26.51,448.532715,298.940002,62.93
2013/7/25,1685.209961,34.360001,440.981842,303.399994,62.642857
2013/7/26,1687.310059,34.009998,439.814423,312.01001,62.998573
2013/7/29,1690.319946,35.43,438.284393,306.100006,63.970001
2013/7/30,1687.920044,37.630001,442.581421,302.410004,64.760002
2013/7/31,1687.76001,36.799999,441.006683,301.220001,64.647141
2013/8/1,1689.420044,37.490002,449.188477,305.570007,65.239998
2013/8/2,1706.099976,38.049999,450.355865,304.209991,66.077141
2013/8/5,1708.01001,39.189999,449.575928,300.98999,67.064285
2013/8/6,1705.790039,38.549999,445.388184,300.75,66.464287
2013/8/7,1695.300049,38.869999,442.447296,296.910004,66.425713
2013/8/8,1693.349976,38.540001,443.445801,295.73999,65.858574
2013/8/9,1696.099976,38.5,442.328094,297.26001,64.921425
2013/8/12,1688.369995,38.220001,439.893921,296.690002,66.765717
2013/8/13,1690.650024,37.02,437.777679,293.970001,69.938568
2013/8/14,1693.880005,36.650002,432.094635,291.339996,71.214287
2013/8/15,1679.609985,36.560001,427.052429,286.470001,71.129997
2013/8/16,1661.219971,37.080002,425.68631,284.820007,71.761429
2013/8/19,1655.25,37.810001,430.028076,285.570007,72.534286
2013/8/20,1646.810059,38.41,429.913818,287.089996,71.581429
2013/8/21,1650.660034,38.32,431.856201,284.570007,71.765717
2013/8/22,1645.030029,38.549999,434.032043,289.730011,71.851425
2013/8/23,1659.920044,40.549999,432.293335,290.01001,71.574287
2013/8/26,1664.290039,41.34,430.395691,286.209991,71.852859
2013/8/27,1652.540039,39.639999,422.328156,280.929993,69.798569
2013/8/28,1630.25,40.549999,421.533325,281.579987,70.128571
2013/8/29,1633.5,41.279999,424.951111,283.980011,70.242859
2013/8/30,1638.890015,41.290001,420.713654,280.980011,69.602859
2013/9/3,1635.949951,41.869999,427.410095,288.799988,69.797142
2013/9/4,1640.719971,41.779999,432.998749,293.640015,71.241432
2013/9/5,1653.280029,42.66,436.938141,294.100006,70.752853
2013/9/6,1657.439941,43.950001,436.948059,295.859985,71.174286
2013/9/9,1656.849976,44.040001,441.155701,299.709991,72.309998
2013/9/10,1675.109985,43.599998,441.463715,300.359985,70.662857
2013/9/11,1681.040039,45.040001,445.199402,299.640015,66.815712
2013/9/12,1689.209961,44.75,443.644531,298.859985,67.527145
2013/9/13,1685.040039,44.310001,441.662415,297.920013,66.414284
2013/9/16,1691.699951,42.509998,441.011658,296.059998,64.302856
2013/9/17,1697.72998,45.07,440.191986,304.170013,65.045715
2013/9/18,1705.73999,45.23,448.741364,312.029999,66.382858
2013/9/19,1727.339966,45.98,446.292297,312.059998,67.471428
2013/9/20,1722.439941,47.490002,448.637054,316.339996,66.772858
2013/9/23,1711.439941,47.189999,440.385712,311.48999,70.091431
2013/9/24,1702.599976,48.450001,440.554626,314.130005,69.871429
2013/9/25,1698.02002,49.459999,435.78067,312.649994,68.790001
2013/9/26,1694.050049,50.389999,436.24762,318.119995,69.459999
2013/9/27,1695.52002,51.240002,435.363373,316.01001,68.964287
2013/9/30,1687.26001,50.23,435.124939,312.640015,68.10714
2013/10/1,1682.410034,50.419998,440.634094,320.950012,69.708572
2013/10/2,1691.900024,50.279999,441.125916,320.51001,69.937141
2013/10/3,1692.349976,49.18,435.214355,314.76001,69.058571
2013/10/4,1678.790039,51.040001,433.356445,319.040009,69.004288
2013/10/7,1687.150024,50.52,430.072784,310.029999,69.678574
2013/10/8,1676.219971,47.139999,424.076782,303.230011,68.705711
2013/10/9,1656.98999,46.77,425.164703,298.230011,69.512856
2013/10/10,1660.880005,49.049999,431.314728,305.170013,69.94857
2013/10/11,1691.089966,49.110001,433.177612,310.890015,70.401428
2013/10/14,1699.859985,49.509998,435.224274,310.700012,70.862854
2013/10/15,1709.170044,49.5,438.155212,306.399994,71.239998
2013/10/16,1700.48999,51.139999,446.113464,310.48999,71.587143
2013/10/17,1720.170044,52.209999,441.523315,310.769989,72.071426
2013/10/18,1736.719971,54.220001,502.437134,328.929993,72.69857
2013/10/21,1745.199951,53.849998,498.408325,326.440002,74.480003
2013/10/22,1746.47998,52.68,500.246368,332.540009,74.267143
2013/10/23,1752.27002,51.900002,512.372498,326.76001,74.994286
2013/10/24,1747.47998,52.450001,509.461456,332.209991,75.987144
2013/10/25,1756.01001,51.950001,504.319885,363.390015,75.137146
2013/10/28,1759.420044,50.23,504.22052,358.160004,75.697144
2013/10/29,1762.930054,49.400002,514.771912,362.700012,73.811432
2013/10/30,1772.27002,49.009998,511.880707,361.079987,74.985718
2013/10/31,1763.23999,50.209999,511.960205,364.029999,74.671425
2013/11/1,1758.699951,49.75,510.20163,359,74.290001
2013/11/4,1763.400024,48.220001,509.739624,358.73999,75.25
2013/11/5,1765.670044,50.110001,507.459473,358.890015,75.064285
2013/11/6,1765,49.119999,508.070496,356.179993,74.417145
2013/11/7,1770.73999,47.560001,500.718323,343.559998,73.21286
2013/11/8,1748.369995,47.529999,504.732208,350.309998,74.365715
2013/11/11,1769.959961,46.200001,502.029785,354.380005,74.150002
2013/11/12,1769.51001,46.610001,502.620941,349.529999,74.28714
2013/11/13,1764.369995,48.709999,512.899109,356.220001,74.375717
2013/11/14,1782.75,48.990002,514.270142,367.399994,75.451431
2013/11/15,1790.660034,49.009998,513.440552,369.170013,74.998573
2013/11/18,1798.819946,45.830002,512.442078,366.179993,74.089996
2013/11/19,1790.790039,46.360001,509.287567,364.940002,74.221428
2013/11/20,1789.589966,46.43,507.851898,362.570007,73.571426
2013/11/21,1783.52002,46.700001,513.693909,368.920013,74.44857
2013/11/22,1797.209961,46.23,512.610962,372.309998,74.257141
2013/11/25,1806.329956,44.82,519.585571,376.640015,74.82
2013/11/26,1802.869995,45.889999,525.785278,381.369995,76.199997
2013/11/27,1803.47998,46.490002,528.120117,386.709991,77.994286
2013/11/29,1808.689941,47.009998,526.37146,393.619995,79.438568
2013/12/2,1806.550049,47.060001,523.832947,392.299988,78.747147
2013/12/3,1800.099976,46.73,523.226929,384.660004,80.902855
2013/12/4,1793.150024,48.619999,525.671021,385.959991,80.714287
2013/12/5,1792.819946,48.34,525.253723,384.48999,81.128571
2013/12/6,1788.359985,47.939999,531.478271,386.950012,80.002853
2013/12/9,1806.209961,48.84,535.586548,384.890015,80.918571
2013/12/10,1807.599976,50.25,538.825439,387.779999,80.792854
2013/12/11,1802.76001,49.380001,535.164246,382.190002,80.194283
2013/12/12,1781.709961,51.830002,531.522949,381.25,80.077141
2013/12/13,1777.97998,53.32,526.96759,384.23999,79.204285
2013/12/16,1777.47998,53.810001,533.023193,388.970001,79.64286
2013/12/17,1786.469971,54.860001,531.473267,387.649994,79.284286
2013/12/18,1781.459961,55.57,538.870178,395.959991,78.681427
2013/12/19,1809,55.049999,539.600403,395.190002,77.779999
2013/12/20,1810.390015,55.119999,546.753906,402.200012,78.431427
2013/12/23,1822.920044,57.77,553.947083,402.920013,81.441429
2013/12/24,1828.02002,57.959999,552.327637,399.200012,81.095711
2013/12/26,1834.959961,57.73,555.119507,404.390015,80.557144
2013/12/27,1842.969971,55.439999,555.586426,398.079987,80.012856
2013/12/30,1841.469971,53.709999,551.145325,393.369995,79.21714
2013/12/31,1842.609985,54.650002,556.734009,398.790009,80.145714
2014/1/2,1845.859985,54.709999,552.963501,397.970001,79.01857
2014/1/3,1833.209961,54.560001,548.929749,396.440002,77.28286
2014/1/6,1832.310059,57.200001,555.049927,393.630005,77.704285
2014/1/7,1828.709961,57.919998,565.750366,398.029999,77.148575
2014/1/8,1837.900024,58.23,566.927673,401.920013,77.637146
2014/1/9,1839,57.220001,561.468201,401.01001,76.645714
2014/1/10,1840.060059,57.939999,561.438354,397.660004,76.134285
2014/1/13,1841.26001,55.91,557.861633,390.980011,76.53286
2014/1/14,1821.359985,57.740002,570.986267,397.540009,78.055717
2014/1/15,1840.52002,57.599998,570.598816,395.869995,79.622856
2014/1/16,1847.98999,57.189999,574.374268,395.799988,79.178574
2014/1/17,1844.22998,56.299999,571.547607,399.609985,77.238571
2014/1/21,1841.050049,58.509998,578.090088,407.049988,78.438568
2014/1/22,1844.709961,57.509998,578.745789,404.540009,78.78714
2014/1/23,1842.290039,56.630001,576.301697,399.869995,79.454285
2014/1/24,1826.959961,54.450001,558.283875,387.600006,78.010002
2014/1/27,1791.030029,53.549999,547.056946,386.279999,78.64286
2014/1/28,1783,55.139999,557.876526,394.429993,72.35714
2014/1/29,1790.150024,53.529999,549.883545,384.200012,71.535713
2014/1/30,1777.170044,61.080002,564.02655,403.01001,71.397141
2014/1/31,1790.880005,62.57,586.669312,358.690002,71.514282
2014/2/3,1782.680054,61.48,563.052856,346.149994,71.647141
2014/2/4,1743.819946,62.75,565.402588,347.950012,72.684288
2014/2/5,1753.380005,62.189999,567.906311,346.450012,73.227142
2014/2/6,1752.98999,62.16,576.232178,354.589996,73.215714
2014/2/7,1776.01001,64.32,584.91571,361.079987,74.239998
2014/2/10,1796.199951,63.549999,582.675232,360.869995,75.57
2014/2/11,1800.449951,64.849998,591.244507,361.790009,76.565712
2014/2/12,1820.119995,64.449997,589.510803,349.25,76.559998
2014/2/13,1814.819946,67.330002,596.07312,357.200012,77.775711
2014/2/14,1828.459961,67.089996,597.513733,357.350006,77.71286
2014/2/18,1839.030029,67.300003,601.527649,353.649994,77.998573
2014/2/19,1838.900024,68.059998,597.285217,347.380005,76.767143
2014/2/20,1829.23999,69.629997,598.16449,349.799988,75.878571
2014/2/21,1841.069946,68.589996,598.005554,346.76001,75.035713
2014/2/24,1836.780029,70.779999,602.337402,351.779999,75.364288
2014/2/25,1847.660034,69.849998,606.058167,358.320007,74.580002
2014/2/26,1845.790039,69.260002,606.142639,359.799988,73.907143
2014/2/27,1844.900024,68.940002,605.66571,360.130005,75.381432
2014/2/28,1855.119995,68.459999,603.897217,362.100006,75.177139
2014/3/3,1857.680054,67.410004,597.459106,359.779999,75.394287
2014/3/4,1849.22998,68.800003,603.529602,363.899994,75.891426
2014/3/5,1874.050049,71.57,605.193787,372.369995,76.05143
2014/3/6,1874.180054,70.839996,605.864441,372.160004,75.821426
2014/3/7,1878.52002,69.800003,603.470032,372.059998,75.777145
2014/3/10,1877.859985,72.029999,601.870422,370.529999,75.845711
2014/3/11,1878.26001,70.099998,596.117798,368.820007,76.584282
2014/3/12,1866.150024,70.879997,599.749207,370.640015,76.658569
2014/3/13,1869.060059,68.830002,590.688171,371.51001,75.807144
2014/3/14,1845.069946,67.720001,582.610657,373.73999,74.955711
2014/3/17,1842.810059,68.739998,592.198303,375.040009,75.248573
2014/3/18,1858.920044,69.190002,601.716431,378.769989,75.914284
2014/3/19,1872.25,68.239998,595.750244,373.230011,75.894287
2014/3/20,1860.089966,66.970001,594.711975,368.970001,75.528572
2014/3/21,1874.530029,67.239998,587.697571,360.619995,76.124283
2014/3/24,1867.670044,64.099998,575.223694,351.850006,77.027145
2014/3/25,1859.47998,64.889999,575.61615,354.709991,77.855713
2014/3/26,1867.089966,60.389999,562.327576,343.410004,77.111427
2014/3/27,1852.109985,60.970001,555.406067,338.470001,76.779999
2014/3/28,1850.069946,60.009998,556.927734,338.290009,76.694283
2014/3/31,1859.160034,60.240002,553.924255,336.369995,76.677139
2014/4/1,1873.959961,62.619999,564.058533,342.98999,77.378571
2014/4/2,1886.609985,62.720001,563.899353,341.959991,77.507141
2014/4/3,1891.430054,59.490002,566.62439,333.619995,76.970001
2014/4/4,1890.25,56.75,540.169861,323,75.974289
2014/4/7,1863.920044,56.950001,535.207153,317.76001,74.781425
2014/4/8,1845.47998,58.189999,551.86554,327.070007,74.777145
2014/4/9,1852.640015,62.41,561.054993,331.809998,75.760002
2014/4/10,1872.280029,59.16,537.991821,317.109985,74.78286
2014/4/11,1830.650024,58.529999,527.698425,311.730011,74.230003
2014/4/14,1818.180054,58.889999,529.60791,315.910004,74.525711
2014/4/15,1831.449951,59.09,533.50647,316.079987,73.994286
2014/4/16,1846.01001,59.720001,553.496582,323.679993,74.144287
2014/4/17,1861.72998,58.939999,533.168335,324.910004,74.991432
2014/4/21,1865.790039,61.240002,525.729248,330.869995,75.881432
2014/4/22,1872.569946,63.029999,531.885437,329.320007,75.957146
2014/4/23,1879.319946,61.360001,524.058472,324.579987,74.964287
2014/4/24,1881.969971,60.869999,522.288208,337.149994,81.110001
2014/4/25,1877.719971,57.709999,513.3573,303.829987,81.705711
2014/4/28,1865,56.139999,514.32196,296.579987,84.870003
2014/4/29,1870.780029,58.150002,524.81427,300.380005,84.618568
2014/4/30,1877.099976,59.779999,523.779968,304.130005,84.298569
2014/5/1,1884.390015,61.150002,528.444336,307.890015,84.497147
2014/5/2,1885.300049,60.459999,525.04303,308.01001,84.654289
2014/5/5,1879.449951,61.220001,524.923706,310.049988,85.851425
2014/5/6,1883.689941,58.529999,512.322998,297.380005,84.915718
2014/5/7,1868.530029,57.389999,507.171295,292.709991,84.618568
2014/5/8,1877.390015,56.759998,508.205627,288.320007,83.998573
2014/5/9,1875.27002,57.240002,515.893311,292.23999,83.648575
2014/5/12,1880.030029,59.830002,527.022156,302.859985,84.690002
2014/5/13,1896.75,59.830002,530.174805,304.640015,84.822861
2014/5/14,1897.130005,59.23,523.77002,297.619995,84.83857
2014/5/15,1888.160034,57.919998,517.136536,295.190002,84.117142
2014/5/16,1871.189941,58.02,517.782959,297.700012,85.358574
2014/5/19,1876.660034,59.209999,525.967957,296.76001,86.370003
2014/5/20,1884.880005,58.560001,526.872986,301.190002,86.387146
2014/5/21,1873.339966,60.490002,535.992798,305.01001,86.615715
2014/5/22,1888.189941,60.52,542.079346,304.910004,86.752853
2014/5/23,1893.319946,61.349998,549.677551,312.23999,87.732857
2014/5/27,1902.01001,63.48,562.855103,310.820007,89.375717
2014/5/28,1911.77002,63.509998,558.608459,310.160004,89.144287
2014/5/29,1910.599976,63.830002,557.017212,313.779999,90.76857
2014/5/30,1920.329956,63.299999,556.828247,312.549988,90.428574
2014/6/2,1923.869995,63.080002,550.900879,308.839996,89.807144
2014/6/3,1923.069946,62.869999,541.960022,307.190002,91.077141
2014/6/4,1923.060059,63.34,541.681519,306.779999,92.117142
2014/6/5,1928.52002,63.189999,550.871033,323.570007,92.478569
2014/6/6,1942.410034,62.5,553.28772,329.670013,92.224289
2014/6/9,1948.969971,62.880001,559.046082,327.5,93.699997
2014/6/10,1950.339966,65.769997,557.484619,332.410004,94.25
2014/6/11,1949.369995,65.779999,555.783997,335.200012,93.860001
2014/6/12,1943.349976,64.290001,548.334961,325.910004,92.290001
2014/6/13,1930.800049,64.5,548.742737,326.269989,91.279999
2014/6/16,1934.839966,64.190002,541.30365,327.619995,92.199997
2014/6/17,1937.150024,64.400002,540.040588,325.619995,92.080002
2014/6/18,1942.72998,65.599998,550.343933,334.380005,92.18
2014/6/19,1957.5,64.339996,551.86554,327,91.860001
2014/6/20,1960.449951,64.5,553.317566,324.200012,90.910004
2014/6/23,1962.920044,65.370003,561.860596,327.23999,90.830002
2014/6/24,1961.969971,65.720001,561.53241,324.160004,90.279999
2014/6/25,1949.27002,67.440002,575.485657,327.440002,90.360001
2014/6/26,1959.890015,67.129997,572.850159,325.690002,90.900002
2014/6/27,1956.560059,67.599998,574.083374,324.570007,91.980003
2014/6/30,1960.790039,67.290001,572.134094,324.779999,92.93
2014/7/1,1962.290039,68.059998,579.483704,332.390015,93.519997
2014/7/2,1973.060059,66.449997,579.150513,332.850006,93.480003
2014/7/3,1975.880005,66.290001,581.53241,337.48999,94.029999
2014/7/7,1984.219971,65.290001,579.065979,333.549988,95.970001
2014/7/8,1976.390015,62.759998,567.967041,323.809998,95.349998
2014/7/9,1965.099976,64.970001,572.929749,329.970001,95.389999
2014/7/10,1966.670044,64.870003,567.976929,327.920013,95.040001
2014/7/11,1965.76001,66.339996,576.012756,346.200012,95.220001
2014/7/14,1969.859985,67.900002,581.671631,355.320007,96.449997
2014/7/15,1977.359985,67.169998,581.582153,354.440002,95.32
2014/7/16,1976.349976,67.660004,579.473755,355.899994,94.779999
2014/7/17,1979.75,66.410004,570.59259,352.450012,93.089996
2014/7/18,1961.540039,68.419998,591.825806,358.660004,94.43
2014/7/21,1976.930054,69.400002,586.246521,359.76001,93.940002
2014/7/22,1975.650024,69.269997,591.487671,360.839996,94.720001
2014/7/23,1985.319946,71.290001,592.720886,358.140015,97.190002
2014/7/24,1988.069946,74.980003,590.105286,358.609985,97.029999
2014/7/25,1984.599976,75.190002,585.79895,324.01001,97.669998
2014/7/28,1978.25,74.919998,587.3703,320.410004,99.019997
2014/7/29,1980.030029,73.709999,582.407593,320,98.379997
2014/7/30,1973.209961,74.68,584.207703,322.51001,98.150002
2014/7/31,1965.140015,72.650002,568.474243,312.98999,95.599998
2014/8/1,1929.800049,72.360001,562.974487,307.059998,96.129997
2014/8/4,1926.619995,73.510002,570.015747,313.649994,95.589996
2014/8/5,1936.339966,72.690002,561.979919,312.320007,95.120003
2014/8/6,1917.290039,72.470001,563.276794,313.890015,94.959999
2014/8/7,1923.030029,73.169998,560.279297,311.450012,94.480003
2014/8/8,1910.349976,73.059998,565.659729,316.799988,94.739998
2014/8/11,1933.430054,73.440002,564.774536,318.329987,95.989998
2014/8/12,1935.72998,72.830002,559.65271,319.320007,95.970001
2014/8/13,1935.599976,73.769997,571.636841,326.279999,97.239998
2014/8/14,1947.410034,74.300003,571.507568,333.209991,97.5
2014/8/15,1958.869995,73.629997,570.343933,333.630005,97.980003
2014/8/18,1958.359985,74.589996,578.976501,334.529999,99.160004
2014/8/19,1972.72998,75.290001,583.650757,335.130005,100.529999
2014/8/20,1980.459961,74.809998,581.293762,335.779999,100.57
2014/8/21,1986.819946,74.57,580.179871,332.910004,100.580002
2014/8/22,1992.599976,74.57,579.374268,331.589996,101.32
2014/8/25,1991.73999,75.019997,577.027222,334.019989,101.540001
2014/8/26,1998.589966,75.959999,574.700012,341.829987,100.889999
2014/8/27,2000.540039,74.629997,567.877502,343.179993,102.129997
2014/8/28,1997.420044,73.860001,566.087341,340.019989,102.25
2014/8/29,1998.449951,74.82,568.474243,339.040009,102.5
2014/9/2,2004.069946,76.68,574.172913,342.380005,103.300003
2014/9/3,2003.569946,75.830002,574.779541,339,98.940002
2014/9/4,2001.670044,75.949997,578.797485,345.950012,98.120003
2014/9/5,1998,77.260002,582.875061,346.380005,98.970001
2014/9/8,2007.170044,77.889999,586.495117,342.339996,98.360001
2014/9/9,2000.72998,76.669998,577.832764,329.75,97.989998
2014/9/10,1988.410034,77.43,579.911316,331.329987,101
2014/9/11,1992.849976,77.919998,578.170898,330.519989,101.43
2014/9/12,1996.73999,77.480003,572.472229,331.190002,101.660004
2014/9/15,1986.040039,74.580002,569.966003,323.890015,101.629997
2014/9/16,1981.930054,76.080002,576.778564,327.76001,100.860001
2014/9/17,1999.300049,76.43,581.572205,324,101.580002
2014/9/18,2003.069946,77,586.047607,325,101.790001
2014/9/19,2012.73999,77.910004,592.820374,331.320007,100.959999
2014/9/22,2009.079956,76.800003,584.157959,324.5,101.059998
2014/9/23,1992.780029,78.290001,577.952087,323.630005,102.639999
2014/9/24,1983.339966,78.540001,584.774597,328.209991,101.75
2014/9/25,1997.319946,77.220001,571.915283,321.929993,97.870003
2014/9/26,1966.219971,78.790001,573.944153,323.209991,100.75
2014/9/29,1978.959961,79,573.208191,321.820007,100.110001
2014/9/30,1978.209961,79.040001,574.202698,322.440002,100.75
2014/10/1,1971.439941,76.550003,565.162415,317.459991,99.18
2014/10/2,1945.829956,77.080002,566.962524,318.410004,99.900002
2014/10/3,1948.119995,77.440002,572.134094,322.73999,99.620003
2014/10/6,1970.01001,77.559998,574.192749,322.200012,99.620003
2014/10/7,1962.359985,76.290001,560.657227,316.980011,98.75
2014/10/8,1935.550049,77.519997,569.369324,322.700012,100.800003
2014/10/9,1967.680054,75.910004,557.812866,315.369995,101.019997
2014/10/10,1925.630005,72.910004,541.512451,311.390015,100.730003
2014/10/13,1905.650024,72.989998,530.294128,306.450012,99.809998
2014/10/14,1877.109985,73.589996,534.998291,308.309998,98.75
2014/10/15,1874.180054,73.209999,527.131531,305.970001,97.540001
2014/10/16,1855.949951,72.629997,521.641724,302.859985,96.260002
2014/10/17,1864.910034,75.949997,508.374695,303.640015,97.669998
2014/10/20,1885.619995,76.949997,517.991821,306.209991,99.760002
2014/10/21,1909.380005,78.690002,523.660645,315.329987,102.470001
2014/10/22,1941.290039,78.370003,529.796875,312.970001,102.989998
2014/10/23,1931.02002,80.040001,541.005249,313.179993,104.830002
2014/10/24,1951.589966,80.669998,536.828247,287.059998,105.220001
2014/10/27,1962.969971,80.279999,537.812805,289.970001,105.110001
2014/10/28,1964.140015,80.769997,545.898376,295.589996,106.739998
2014/10/29,1983.290039,75.860001,546.325989,294.119995,107.339996
2014/10/30,1979.48999,74.110001,547.300659,299.070007,106.980003
2014/10/31,2001.199951,74.989998,556.022705,305.459991,108
2014/11/3,2018.209961,73.879997,552.183777,305.720001,109.400002
2014/11/4,2015.810059,75.760002,551.079895,302.809998,108.599998
2014/11/5,2015.290039,74.830002,542.934631,296.519989,108.860001
2014/11/6,2023.329956,75.260002,539.075867,296.640015,108.699997
2014/11/7,2032.359985,75.599998,538.051514,299.859985,109.010002
2014/11/10,2032.01001,75,544.496094,305.109985,108.830002
2014/11/11,2038.199951,74.610001,547.280762,312.01001,109.699997
2014/11/12,2037.75,74.720001,544.317078,311.51001,111.25
2014/11/13,2039.209961,74.25,542.397583,316.480011,112.82
2014/11/14,2039.73999,74.879997,541.422974,327.820007,114.18
2014/11/17,2038.290039,74.239998,533.576111,323.049988,113.989998
2014/11/18,2041.47998,74.339996,532.104187,324.929993,115.470001
2014/11/19,2051.159912,73.330002,534.053467,326.540009,114.669998
2014/11/20,2045.869995,73.599998,531.905273,330.540009,116.309998
2014/11/21,2057.459961,73.75,534.560669,332.630005,116.470001
2014/11/24,2065.070068,74.010002,536.321045,335.640015,118.629997
2014/11/25,2070.149902,75.629997,538.121094,335.040009,117.599998
2014/11/26,2067.360107,77.620003,537.414978,333.570007,119
2014/11/28,2074.780029,77.699997,538.867004,338.640015,118.93
2014/12/1,2065.780029,75.099998,530.88092,326,115.07
2014/12/2,2053.77002,75.459999,530.831177,326.309998,114.629997
2014/12/3,2067.449951,74.879997,528.41449,316.5,115.93
2014/12/4,2073.639893,75.239998,534.371765,316.929993,115.489998
2014/12/5,2072.780029,76.360001,522.387634,312.630005,115
2014/12/8,2074.840088,76.519997,524.098206,306.640015,112.400002
2014/12/9,2056.550049,76.839996,530.453308,312.5,114.120003
2014/12/10,2058.860107,76.18,523.183228,305.839996,111.949997
2014/12/11,2027.920044,77.730003,525.450806,307.359985,111.620003
2014/12/12,2030.359985,77.830002,515.82373,307.320007,109.730003
2014/12/15,2005.030029,76.989998,510.990295,306.070007,108.230003
2014/12/16,1986.709961,74.690002,492.680969,295.059998,106.75
2014/12/17,1973.77002,76.110001,502.129028,298.880005,109.410004
2014/12/18,2018.97998,78.400002,508.305054,297.730011,112.650002
2014/12/19,2061.040039,79.879997,513.526367,299.899994,111.779999
2014/12/22,2069.280029,81.449997,521.999756,306.540009,112.940002
2014/12/23,2081.47998,80.610001,527.688477,306.290009,112.540001
2014/12/24,2083.25,80.769997,525.878418,303.029999,112.010002
2014/12/26,2084.300049,80.779999,531.10968,309.089996,113.989998
2014/12/29,2087.629883,80.019997,527.429932,312.040009,113.910004
2014/12/30,2088.48999,79.220001,527.519409,310.299988,112.519997
2014/12/31,2082.110107,78.019997,523.521423,310.350006,110.379997
2015/1/2,2058.899902,78.449997,521.937744,308.519989,109.330002
2015/1/5,2054.439941,77.190002,511.057617,302.190002,106.25
2015/1/6,2022.150024,76.150002,499.212799,295.290009,106.260002
2015/1/7,2005.550049,76.150002,498.357513,298.420013,107.75
2015/1/8,2030.609985,78.18,499.928864,300.459991,111.889999
2015/1/9,2063.449951,77.739998,493.454498,296.929993,112.010002
2015/1/12,2046.130005,76.720001,489.854309,291.410004,109.25
2015/1/13,2031.579956,76.449997,493.464447,294.73999,110.220001
2015/1/14,2018.400024,76.279999,498.128784,293.269989,109.800003
2015/1/15,2013.75,74.050003,499.043732,286.950012,106.82
2015/1/16,1992.25,75.18,505.299316,290.73999,105.989998
2015/1/20,2020.76001,76.239998,504.125763,289.440002,108.720001
2015/1/21,2020.189941,76.739998,515.204773,297.25,109.550003
2015/1/22,2034.300049,77.650002,531.465332,310.320007,112.400002
2015/1/23,2062.97998,77.830002,536.994873,312.390015,112.980003
2015/1/26,2050.419922,77.5,532.280823,309.660004,113.099998
2015/1/27,2047.859985,75.779999,515.791565,306.75,109.139999
2015/1/28,2032.339966,76.239998,507.208801,303.910004,115.309998
2015/1/29,2002.449951,78,507.865204,311.779999,118.900002
2015/1/30,2019.349976,75.910004,531.594604,354.529999,117.160004
2015/2/2,1996.670044,74.989998,525.587646,364.470001,118.629997
2015/2/3,2022.709961,75.400002,526.343506,363.549988,118.650002
2015/2/4,2048.860107,75.629997,519.898987,364.75,119.559998
2015/2/5,2043.449951,75.610001,524.692566,373.890015,119.940002
2015/2/6,2062.280029,74.470001,528.093872,374.279999,118.93
2015/2/9,2053.469971,74.440002,524.941223,370.559998,119.720001
2015/2/10,2049.379883,75.190002,534.001343,373,122.019997
2015/2/11,2068.550049,76.510002,533.036682,375.140015,124.879997
2015/2/12,2069.97998,76.230003,539.958557,377.170013,126.459999
2015/2/13,2088.780029,75.739998,546.00531,381.829987,127.080002
2015/2/17,2096.469971,75.599998,539.86908,375.429993,127.830002
2015/2/18,2099.159912,76.709999,536.746277,373.369995,128.720001
2015/2/19,2099.25,79.419998,539.901306,379,128.449997
2015/2/20,2097.649902,79.900002,536.000366,383.660004,129.5
2015/2/23,2109.830078,78.839996,528.998901,380.140015,133
2015/2/24,2109.100098,78.449997,533.156006,378.589996,132.169998
2015/2/25,2115.300049,79.559998,540.893433,385.369995,128.789993
2015/2/26,2113.909912,80.410004,552.43988,384.799988,130.419998
2015/2/27,2110.879883,78.970001,555.343933,380.160004,128.460007
2015/3/2,2105.22998,79.75,568.213074,385.660004,129.089996
2015/3/3,2115.76001,79.599998,570.500488,384.609985,129.360001
2015/3/4,2107.719971,80.900002,570.231995,382.720001,128.539993
2015/3/5,2098.540039,81.209999,572.181274,387.829987,126.410004
2015/3/6,2100.909912,80.010002,564.578125,380.089996,126.599998
2015/3/9,2072.25,79.440002,565.736694,378.559998,127.139999
2015/3/10,2076.139893,77.550003,551.972473,369.51001,124.510002
2015/3/11,2044.689941,77.57,548.163452,366.369995,122.239998
2015/3/12,2041.099976,78.93,552.469727,374.23999,124.449997
2015/3/13,2064.560059,78.050003,544.324585,370.579987,123.589996
2015/3/16,2055.350098,78.07,551.47522,373.350006,124.949997
2015/3/17,2080.590088,79.360001,547.825317,371.920013,127.040001
2015/3/18,2072.840088,80.910004,556.437866,375.140015,128.470001
2015/3/19,2098.689941,82.75,554.936157,373.23999,127.5
2015/3/20,2090.320068,83.800003,557.293213,378.48999,125.900002
2015/3/23,2107.98999,84.43,555.751648,375.109985,127.209999
2015/3/24,2103.939941,85.309998,567.069397,374.089996,126.690002
2015/3/25,2093.100098,82.919998,555.726807,370.959991,123.379997
2015/3/26,2059.939941,83.010002,552.131592,367.350006,124.239998
2015/3/27,2055.780029,83.300003,545.338989,370.559998,123.25
2015/3/30,2064.110107,83.199997,549.008789,374.589996,126.370003
2015/3/31,2084.050049,82.220001,545.000854,372.100006,124.43
2015/4/1,2067.629883,81.669998,539.590576,370.26001,124.25
2015/4/2,2060.030029,81.559998,532.59906,372.25,125.32
2015/4/6,2064.870117,82.440002,533.827332,377.040009,127.349998
2015/4/7,2080.790039,82.32,534.080933,374.410004,126.010002
2015/4/8,2076.939941,82.279999,538.645813,381.200012,125.599998
2015/4/9,2081.290039,82.169998,537.820374,383.540009,126.559998
2015/4/10,2091.51001,82.040001,537.054565,382.649994,127.099998
2015/4/13,2102.030029,83.010002,536.219177,382.359985,126.849998
2015/4/14,2092.280029,83.519997,527.487183,385.109985,126.300003
2015/4/15,2097.820068,82.709999,529.617859,383.450012,126.779999
2015/4/16,2105.959961,82.309998,530.87854,386.040009,126.169998
2015/4/17,2102.580078,80.779999,521.181885,375.559998,124.75
2015/4/20,2084.110107,83.089996,532.44989,389.51001,127.599998
2015/4/21,2102.820068,83.620003,531.049988,391.179993,126.910004
2015/4/22,2098.27002,84.629997,536.413086,389.799988,128.619995
2015/4/23,2107.209961,82.410004,544.006287,389.98999,129.669998
2015/4/24,2112.800049,81.529999,561.967468,445.100006,130.279999
2015/4/27,2119.290039,81.910004,555.369995,438.559998,132.649994
2015/4/28,2108.350098,80.68,553.679993,429.309998,130.559998
2015/4/29,2112.48999,80.470001,549.080017,429.369995,128.639999
2015/4/30,2105.52002,78.769997,537.340027,421.779999,125.150002
2015/5/1,2087.379883,78.989998,537.900024,422.869995,128.949997
2015/5/4,2110.22998,78.809998,540.780029,423.040009,128.699997
2015/5/5,2112.629883,77.559998,530.799988,421.190002,125.800003
2015/5/6,2091.26001,78.099998,524.219971,419.100006,125.010002
2015/5/7,2079.959961,78.43,530.700012,426.880005,125.260002
2015/5/8,2092.129883,78.510002,538.219971,433.690002,127.620003
2015/5/11,2115.560059,78.010002,535.700012,432.850006,126.32
2015/5/12,2102.870117,77.459999,529.039978,431.019989,125.870003
2015/5/13,2099.620117,78.440002,529.619995,426.869995,126.010002
2015/5/14,2100.429932,81.370003,538.400024,432.279999,128.949997
2015/5/15,2122.070068,80.419998,533.849976,426,128.770004
2015/5/18,2121.300049,80.879997,532.299988,425.23999,130.190002
2015/5/19,2129.449951,80.629997,537.359985,421.709991,130.070007
2015/5/20,2127.790039,80.550003,539.27002,423.859985,130.059998
2015/5/21,2125.550049,80.480003,542.51001,431.630005,131.389999
2015/5/22,2130.360107,80.540001,540.109985,427.630005,132.539993
2015/5/26,2125.340088,79.330002,532.320007,425.470001,129.619995
2015/5/27,2105.129883,80.550003,539.789978,431.420013,132.039993
2015/5/28,2122.27002,80.150002,539.780029,426.570007,131.779999
2015/5/29,2120.659912,79.190002,532.109985,429.230011,130.279999
2015/6/1,2108.639893,80.290001,533.98999,430.920013,130.539993
2015/6/2,2110.409912,80.440002,539.179993,430.98999,129.960007
2015/6/3,2110.639893,82.440002,540.309998,436.589996,130.119995
2015/6/4,2112.350098,82.050003,536.700012,430.779999,129.360001
2015/6/5,2095.090088,82.139999,533.330017,426.950012,128.649994
2015/6/8,2092.340088,80.669998,526.830017,423.5,127.800003
2015/6/9,2079.070068,80.669998,526.690002,425.480011,127.419998
2015/6/10,2081.120117,82.160004,536.690002,430.769989,128.880005
2015/6/11,2106.23999,81.830002,534.609985,432.970001,128.589996
2015/6/12,2107.429932,81.529999,532.330017,429.920013,127.169998
2015/6/15,2091.340088,80.709999,527.200012,423.670013,126.919998
2015/6/16,2084.26001,81.059998,528.150024,427.26001,127.599998
2015/6/17,2097.399902,81.790001,529.26001,427.809998,127.300003
2015/6/18,2101.580078,82.910004,536.72998,439.390015,127.879997
2015/6/19,2121.060059,82.510002,536.690002,434.920013,126.599998
2015/6/22,2112.5,84.739998,538.190002,436.290009,127.610001
2015/6/23,2123.159912,87.879997,540.47998,445.98999,127.029999
2015/6/24,2123.649902,88.860001,537.840027,440.839996,128.110001
2015/6/25,2109.959961,87.980003,535.22998,440.100006,127.5
2015/6/26,2102.620117,88.010002,531.690002,438.100006,126.75
2015/6/29,2098.629883,85.800003,521.52002,429.859985,124.529999
2015/6/30,2061.189941,85.769997,520.51001,434.089996,125.43
2015/7/1,2067,86.910004,521.840027,437.390015,126.599998
2015/7/2,2078.030029,87.290001,523.400024,437.709991,126.440002
2015/7/6,2073.949951,87.550003,522.859985,436.040009,126
2015/7/7,2069.52002,87.220001,525.02002,436.720001,125.690002
2015/7/8,2077.659912,85.650002,516.830017,429.700012,122.57
2015/7/9,2049.72998,85.879997,520.679993,434.390015,120.07
2015/7/10,2052.73999,87.949997,530.130005,443.51001,123.279999
2015/7/13,2080.030029,90.099998,546.549988,455.570007,125.660004
2015/7/14,2099.719971,89.68,561.099976,465.570007,125.610001
2015/7/15,2109.01001,89.760002,560.219971,461.190002,126.82
2015/7/16,2110.550049,90.849998,579.849976,475.480011,128.509995
2015/7/17,2126.800049,94.970001,672.929993,483.01001,129.619995
2015/7/20,2126.850098,97.910004,663.02002,488.100006,132.070007
2015/7/21,2127.550049,98.389999,662.299988,488,130.75
2015/7/22,2118.209961,97.040001,662.099976,488.269989,125.220001
2015/7/23,2114.159912,95.440002,644.280029,482.179993,125.160004
2015/7/24,2102.23999,96.949997,623.559998,529.419983,124.5
2015/7/27,2078.189941,94.169998,627.26001,531.409973,122.769997
2015/7/28,2070.75,95.290001,628,526.030029,123.379997
2015/7/29,2094.699951,96.989998,631.929993,529,122.989998
2015/7/30,2106.780029,95.209999,632.590027,536.76001,122.370003
2015/7/31,2111.600098,94.010002,625.609985,536.150024,121.300003
2015/8/3,2104.48999,94.139999,631.210022,535.030029,118.440002
2015/8/4,2097.679932,94.059998,629.25,531.900024,114.639999
2015/8/5,2095.27002,96.440002,643.780029,537.01001,115.400002
2015/8/6,2100.75,95.120003,642.679993,529.460022,115.129997
2015/8/7,2082.610107,94.300003,635.299988,522.619995,115.519997
2015/8/10,2080.97998,94.150002,633.72998,524,119.720001
2015/8/11,2102.659912,93.620003,660.780029,527.460022,113.489998
2015/8/12,2081.100098,94.190002,659.559998,525.909973,115.239998
2015/8/13,2086.189941,93.43,656.450012,529.659973,115.150002
2015/8/14,2083.149902,94.419998,657.119995,531.52002,115.959999
2015/8/17,2089.699951,93.93,660.869995,535.219971,117.160004
2015/8/18,2101.98999,95.169998,656.130005,535.02002,116.5
2015/8/19,2095.689941,95.309998,660.900024,532.919983,115.010002
2015/8/20,2076.610107,90.559998,646.830017,515.780029,112.650002
2015/8/21,2034.079956,86.059998,612.47998,494.470001,105.760002
2015/8/24,1965.150024,82.089996,589.609985,463.369995,103.120003
2015/8/25,1898.079956,83,582.059998,466.369995,103.739998
2015/8/26,1872.75,87.190002,628.619995,500.769989,109.690002
2015/8/27,1942.77002,89.730003,637.609985,518.369995,112.919998
2015/8/28,1986.060059,91.010002,630.380005,518.01001,113.290001
2015/8/31,1986.72998,89.43,618.25,512.890015,112.760002
2015/9/1,1970.089966,87.230003,597.789978,496.540009,107.720001
2015/9/2,1916.52002,89.889999,614.340027,510.549988,112.339996
2015/9/3,1950.790039,88.150002,606.25,504.720001,110.370003
2015/9/4,1947.76001,88.260002,600.700012,499,109.269997
2015/9/8,1927.300049,89.529999,614.659973,517.539978,112.309998
2015/9/9,1971.449951,90.440002,612.719971,516.890015,110.150002
2015/9/10,1941.589966,91.980003,621.349976,522.23999,112.57
2015/9/11,1951.449951,92.050003,625.77002,529.440002,114.209999
2015/9/14,1963.060059,92.309998,623.23999,521.380005,115.309998
2015/9/15,1955.099976,92.900002,635.140015,522.369995,116.279999
2015/9/16,1978.02002,93.449997,635.97998,527.390015,116.410004
2015/9/17,1995.329956,94.339996,642.900024,538.869995,113.919998
2015/9/18,1989.660034,94.400002,629.25,540.26001,113.449997
2015/9/21,1960.839966,95.550003,635.440002,548.390015,115.209999
2015/9/22,1961.390015,92.959999,622.690002,538.400024,113.400002
2015/9/23,1943.23999,93.970001,622.359985,536.070007,114.32
2015/9/24,1934.810059,94.410004,625.799988,533.75,115
2015/9/25,1935.930054,92.769997,611.969971,524.25,114.709999
2015/9/28,1929.180054,89.209999,594.890015,504.059998,112.440002
2015/9/29,1881.900024,86.669998,594.969971,496.070007,109.059998
2015/9/30,1887.140015,89.900002,608.419983,511.890015,110.300003
2015/10/1,1919.650024,90.949997,611.289978,520.719971,109.580002
2015/10/2,1921.77002,92.07,626.909973,532.539978,110.379997
2015/10/5,1954.329956,94.010002,641.469971,543.679993,110.779999
2015/10/6,1986.630005,92.800003,645.440002,537.47998,111.309998
2015/10/7,1982.339966,92.400002,642.359985,541.940002,110.779999
2015/10/8,1994.01001,92.470001,639.159973,533.159973,109.5
2015/10/9,2013.72998,93.239998,643.609985,539.799988,112.120003
2015/10/12,2015.650024,94.260002,646.669983,550.190002,111.599998
2015/10/13,2015,94.120003,652.299988,548.900024,111.790001
2015/10/14,2003.660034,94.07,651.159973,544.830017,110.209999
2015/10/15,1996.469971,95.959999,661.73999,562.440002,111.860001
2015/10/16,2024.369995,97.540001,662.200012,570.76001,111.040001
2015/10/19,2031.72998,98.470001,666.099976,573.150024,111.730003
2015/10/20,2033.130005,97,650.280029,560.880005,113.769997
2015/10/21,2033.469971,97.110001,642.609985,555.77002,113.760002
2015/10/22,2021.880005,99.669998,651.789978,563.909973,115.5
2015/10/23,2058.189941,102.190002,702,599.030029,119.080002
2015/10/26,2075.080078,103.769997,712.780029,608.609985,115.279999
2015/10/27,2068.75,103.699997,708.48999,611.01001,114.550003
2015/10/28,2066.47998,104.199997,712.950012,617.099976,119.269997
2015/10/29,2088.350098,104.879997,716.919983,626.549988,120.529999
2015/10/30,2090,101.970001,710.809998,625.900024,119.5
2015/11/2,2080.76001,103.309998,721.109985,628.349976,121.18
2015/11/3,2102.629883,102.580002,722.159973,625.309998,122.57
2015/11/4,2110.600098,103.940002,728.109985,640.950012,122
2015/11/5,2101.679932,108.760002,731.25,655.650024,120.919998
2015/11/6,2098.600098,107.099998,733.76001,659.369995,121.059998
2015/11/9,2096.560059,106.489998,724.890015,655.48999,120.57
2015/11/10,2077.189941,107.910004,728.320007,659.679993,116.769997
2015/11/11,2083.409912,109.010002,735.400024,673.25,116.110001
2015/11/12,2072.290039,108.019997,731.22998,665.599976,115.720001
2015/11/13,2044.640015,103.949997,717,642.349976,112.339996
2015/11/16,2022.079956,104.040001,728.960022,647.809998,114.18
2015/11/17,2053.669922,105.129997,725.299988,643.299988,113.690002
2015/11/18,2051.98999,107.769997,740,663.539978,117.290001
2015/11/19,2083.699951,106.260002,738.409973,661.27002,118.779999
2015/11/20,2082.820068,107.32,756.599976,668.450012,119.300003
2015/11/23,2089.409912,106.949997,755.97998,678.98999,117.75
2015/11/24,2084.419922,105.739998,748.280029,671.150024,118.879997
2015/11/25,2089.300049,105.410004,748.150024,675.340027,118.029999
2015/11/27,2088.820068,105.449997,750.26001,673.26001,117.809998
2015/11/30,2090.949951,104.239998,742.599976,664.799988,118.300003
2015/12/1,2082.929932,107.120003,767.039978,679.059998,117.339996
2015/12/2,2101.709961,106.07,762.380005,676.01001,116.279999
2015/12/3,2080.709961,104.379997,752.539978,666.25,115.199997
2015/12/4,2051.23999,106.18,766.809998,672.640015,119.029999
2015/12/7,2090.419922,105.610001,763.25,669.830017,118.279999
2015/12/8,2073.389893,106.489998,762.369995,677.330017,118.230003
2015/12/9,2061.169922,104.599998,751.609985,664.789978,115.620003
2015/12/10,2047.930054,105.419998,749.460022,662.320007,116.169998
2015/12/11,2047.27002,102.120003,738.869995,640.150024,113.18
2015/12/14,2013.369995,104.660004,747.77002,657.909973,112.480003
2015/12/15,2025.550049,104.550003,743.400024,658.640015,110.489998
2015/12/16,2046.5,106.790001,758.090027,675.77002,111.339996
2015/12/17,2073.76001,106.220001,749.429993,670.650024,108.980003
2015/12/18,2040.810059,104.040001,739.309998,664.140015,106.029999
2015/12/21,2010.27002,104.769997,747.77002,664.51001,107.330002
2015/12/22,2023.150024,105.510002,750,663.150024,107.230003
2015/12/23,2042.199951,104.629997,750.309998,663.700012,108.610001
2015/12/24,2063.52002,105.019997,748.400024,662.789978,108.029999
2015/12/28,2057.77002,105.93,762.51001,675.200012,106.82
2015/12/29,2060.540039,107.260002,776.599976,693.969971,108.739998
2015/12/30,2077.340088,106.220001,771,689.070007,107.32
2015/12/31,2060.590088,104.660004,758.880005,675.890015,105.260002
2016/1/4,2038.199951,102.220001,741.840027,636.98999,105.349998
2016/1/5,2013.780029,102.730003,742.580017,633.789978,102.709999
2016/1/6,2011.709961,102.970001,743.619995,632.650024,100.699997
2016/1/7,1985.319946,97.919998,726.390015,607.940002,96.449997
2016/1/8,1945.969971,97.330002,714.469971,607.049988,96.959999
2016/1/11,1926.119995,97.510002,716.030029,617.73999,98.529999
2016/1/12,1927.829956,99.370003,726.070007,617.890015,99.959999
2016/1/13,1940.339966,95.440002,700.559998,581.809998,97.389999
2016/1/14,1891.680054,98.370003,714.719971,593,99.519997
2016/1/15,1916.680054,94.970001,694.450012,570.179993,97.129997
2016/1/19,1888.660034,95.260002,701.789978,574.47998,96.660004
2016/1/20,1876.180054,94.349998,698.450012,571.77002,96.790001
2016/1/21,1861.459961,94.160004,706.590027,575.02002,96.300003
2016/1/22,1877.400024,97.940002,725.25,596.380005,101.419998
2016/1/25,1906.280029,97.010002,711.669983,596.530029,99.440002
2016/1/26,1878.790039,97.339996,713.039978,601.25,99.989998
2016/1/27,1902.52002,94.449997,699.98999,583.349976,93.419998
2016/1/28,1885.219971,109.110001,730.960022,635.349976,94.089996
2016/1/29,1894,112.209999,742.950012,587,97.339996
2016/2/1,1936.939941,115.089996,752,574.809998,96.43
2016/2/2,1935.26001,114.610001,764.650024,552.099976,94.480003
2016/2/3,1907.069946,112.690002,726.950012,531.070007,96.349998
2016/2/4,1911.670044,110.489998,708.01001,536.26001,96.599998
2016/2/5,1913.069946,104.07,683.570007,502.130005,94.019997
2016/2/8,1873.25,99.75,682.73999,488.100006,95.010002
2016/2/9,1848.459961,99.540001,678.109985,482.070007,94.989998
2016/2/10,1857.099976,101,684.119995,490.480011,94.269997
2016/2/11,1847,101.910004,683.109985,503.820007,93.699997
2016/2/12,1833.400024,102.010002,682.400024,507.079987,93.989998
2016/2/16,1871.439941,101.610001,691,521.099976,96.639999
2016/2/17,1898.800049,105.199997,708.400024,534.099976,98.120003
2016/2/18,1927.569946,103.470001,697.349976,525,96.260002
2016/2/19,1916.73999,104.57,700.909973,534.900024,96.040001
2016/2/22,1924.439941,107.160004,706.460022,559.5,96.879997
2016/2/23,1942.380005,105.459999,695.849976,552.940002,94.690002
2016/2/24,1917.560059,106.879997,699.559998,554.039978,96.099998
2016/2/25,1931.869995,108.07,705.75,555.150024,96.760002
2016/2/26,1954.949951,107.919998,705.070007,555.22998,96.910004
2016/2/29,1947.130005,106.919998,697.77002,552.52002,96.690002
2016/3/1,1937.089966,109.82,718.809998,579.039978,100.529999
2016/3/2,1976.599976,109.949997,718.849976,580.210022,100.75
2016/3/3,1985.599976,109.580002,712.419983,577.48999,101.5
2016/3/4,1994.01001,108.389999,710.890015,575.140015,103.010002
2016/3/7,1996.109985,105.730003,695.159973,562.799988,101.870003
2016/3/8,1996.880005,105.93,693.969971,560.26001,101.029999
2016/3/9,1981.439941,107.510002,705.23999,559.469971,101.120003
2016/3/10,1990.969971,107.32,712.820007,558.929993,101.169998
2016/3/11,1994.709961,109.410004,726.820007,569.609985,102.260002
2016/3/14,2019.27002,109.889999,730.48999,573.369995,102.519997
2016/3/15,2015.27002,110.669998,728.330017,577.02002,104.580002
2016/3/16,2014.23999,112.18,736.090027,574.27002,105.970001
2016/3/17,2026.900024,111.019997,737.780029,559.440002,105.800003
2016/3/18,2041.160034,111.449997,737.599976,552.080017,105.919998
2016/3/21,2047.880005,111.849998,742.090027,553.97998,105.910004
2016/3/22,2048.639893,112.25,740.75,560.47998,106.720001
2016/3/23,2048.550049,112.540001,738.059998,569.630005,106.129997
2016/3/24,2032.47998,113.050003,735.299988,582.950012,105.669998
2016/3/28,2037.890015,113.690002,733.530029,579.869995,105.190002
2016/3/29,2035.75,116.139999,744.77002,593.859985,107.68
2016/3/30,2058.27002,114.699997,750.530029,598.690002,109.559998
2016/3/31,2063.77002,114.099998,744.950012,593.640015,108.989998
2016/4/1,2056.620117,116.059998,749.909973,598.5,109.989998
2016/4/4,2073.189941,112.550003,745.289978,593.190002,111.120003
2016/4/5,2062.5,112.220001,737.799988,586.140015,109.809998
2016/4/6,2045.560059,113.709999,745.690002,602.080017,110.959999
2016/4/7,2063.01001,113.639999,740.280029,591.429993,108.540001
2016/4/8,2045.540039,110.629997,739.150024,594.599976,108.660004
2016/4/11,2050.22998,108.989998,736.099976,595.929993,109.019997
2016/4/12,2043.719971,110.610001,743.090027,603.169983,110.440002
2016/4/13,2065.919922,110.510002,751.719971,614.820007,112.040001
2016/4/14,2082.889893,110.839996,753.200012,620.75,112.099998
2016/4/15,2083.100098,109.639999,759,625.890015,109.849998
2016/4/18,2078.830078,110.449997,766.609985,635.349976,107.480003
2016/4/19,2096.050049,112.290001,753.929993,627.900024,106.910004
2016/4/20,2101.52002,112.419998,752.669983,632.98999,107.129997
2016/4/21,2102.090088,113.440002,759.140015,631,105.970001
2016/4/22,2091.48999,110.559998,718.77002,620.5,105.68
2016/4/25,2089.370117,110.099998,723.150024,626.200012,105.080002
2016/4/26,2089.840088,108.760002,708.140015,616.880005,104.349998
2016/4/27,2092.330078,108.889999,705.840027,606.570007,97.82
2016/4/28,2090.929932,116.730003,691.02002,602,94.830002
2016/4/29,2071.820068,117.580002,693.01001,659.590027,93.739998
2016/5/2,2067.169922,118.57,698.210022,683.849976,93.639999
2016/5/3,2077.179932,117.43,692.359985,671.320007,95.18
2016/5/4,2060.300049,118.059998,695.700012,670.900024,94.190002
2016/5/5,2052.949951,117.809998,701.429993,659.090027,93.239998
2016/5/6,2047.77002,119.489998,711.119995,673.950012,92.720001
2016/5/9,2057.550049,119.239998,712.900024,679.75,92.790001
2016/5/10,2062.629883,120.5,723.179993,703.070007,93.419998
2016/5/11,2083.290039,119.519997,715.289978,713.22998,92.510002
2016/5/12,2067.169922,120.279999,713.309998,717.929993,90.339996
2016/5/13,2062.5,119.809998,710.830017,709.919983,90.519997
2016/5/16,2046.530029,118.669998,716.48999,710.659973,93.879997
2016/5/17,2065.040039,117.349998,706.22998,695.27002,93.489998
2016/5/18,2044.380005,117.650002,706.630005,697.450012,94.559998
2016/5/19,2044.209961,116.809998,700.320007,698.52002,94.199997
2016/5/20,2041.880005,117.349998,709.73999,702.799988,95.220001
2016/5/23,2052.22998,115.970001,704.23999,696.75,96.43
2016/5/24,2052.649902,117.699997,720.090027,704.200012,97.900002
2016/5/25,2078.929932,117.889999,725.27002,708.349976,99.620003
2016/5/26,2091.439941,119.470001,724.119995,714.909973,100.410004
2016/5/27,2090.060059,119.379997,732.659973,712.23999,100.349998
2016/5/31,2100.129883,118.809998,735.719971,722.789978,99.860001
2016/6/1,2093.939941,118.779999,734.150024,719.440002,98.459999
2016/6/2,2097.709961,118.93,730.400024,728.23999,97.720001
2016/6/3,2104.070068,118.470001,722.340027,725.539978,97.919998
2016/6/6,2100.830078,118.790001,716.549988,726.72998,98.629997
2016/6/7,2110.179932,117.760002,716.650024,723.73999,99.029999
2016/6/8,2112.709961,118.389999,728.280029,726.640015,98.940002
2016/6/9,2115.649902,118.559998,728.580017,727.650024,99.650002
2016/6/10,2109.570068,116.620003,719.409973,717.909973,98.830002
2016/6/13,2091.75,113.949997,718.359985,715.23999,97.339996
2016/6/14,2076.649902,114.940002,718.27002,719.299988,97.459999
2016/6/15,2077.600098,114.599998,718.919983,714.26001,97.139999
2016/6/16,2066.360107,114.389999,710.359985,717.51001,97.550003
2016/6/17,2078.199951,113.019997,691.719971,706.390015,95.330002
2016/6/20,2075.580078,113.370003,693.710022,714.01001,95.099998
2016/6/21,2085.189941,114.379997,695.940002,715.820007,95.910004
2016/6/22,2089.75,113.910004,697.460022,710.599976,95.550003
2016/6/23,2092.800049,115.080002,701.869995,722.080017,96.099998
2016/6/24,2103.810059,112.080002,675.219971,698.960022,93.400002
2016/6/27,2031.449951,108.970001,668.26001,691.359985,92.040001
2016/6/28,2006.670044,112.699997,680.039978,707.950012,93.589996
2016/6/29,2042.689941,114.160004,684.109985,715.599976,94.400002
2016/6/30,2073.169922,114.279999,692.099976,715.619995,95.599998
2016/7/1,2099.340088,114.190002,699.210022,725.679993,95.889999
2016/7/5,2095.050049,114.199997,694.950012,728.099976,94.989998
2016/7/6,2084.429932,116.699997,697.77002,737.609985,95.529999
2016/7/7,2100.419922,115.849998,695.359985,736.570007,95.940002
2016/7/8,2106.969971,117.239998,705.630005,745.809998,96.68
2016/7/11,2131.719971,117.870003,715.090027,753.780029,96.980003
2016/7/12,2139.5,117.93,720.640015,748.210022,97.419998
2016/7/13,2153.810059,116.779999,716.97998,742.630005,96.870003
2016/7/14,2157.879883,117.290001,720.950012,741.200012,98.790001
2016/7/15,2165.129883,116.860001,719.849976,735.440002,98.779999
2016/7/18,2162.040039,119.370003,733.780029,736.070007,99.830002
2016/7/19,2163.790039,120.610001,736.960022,739.950012,99.870003
2016/7/20,2166.100098,121.919998,741.190002,745.719971,99.959999
2016/7/21,2172.909912,120.610001,738.630005,744.429993,99.43
2016/7/22,2166.469971,121,742.73999,744.859985,98.660004
2016/7/25,2173.709961,121.629997,739.77002,739.609985,97.339996
2016/7/26,2168.969971,121.220001,738.419983,735.590027,96.669998
2016/7/27,2169.810059,123.339996,741.77002,736.669983,102.949997
2016/7/28,2166.050049,125,745.909973,752.609985,104.339996
2016/7/29,2168.830078,123.940002,768.789978,758.809998,104.209999
2016/8/1,2173.149902,124.309998,772.880005,767.73999,106.050003
2016/8/2,2169.939941,123.089996,771.070007,760.580017,104.480003
2016/8/3,2156.810059,122.510002,773.179993,754.640015,105.790001
2016/8/4,2163.51001,124.360001,771.609985,760.77002,105.870003
2016/8/5,2168.790039,125.150002,782.219971,765.97998,107.480003
2016/8/8,2183.76001,125.260002,781.76001,766.559998,108.370003
2016/8/9,2182.23999,125.059998,784.26001,768.309998,108.809998
2016/8/10,2182.810059,124.879997,784.679993,768.559998,108
2016/8/11,2177.969971,124.900002,784.849976,771.23999,107.93
2016/8/12,2183.73999,124.879997,783.219971,772.559998,108.18
2016/8/15,2186.080078,123.900002,782.440002,768.48999,109.480003
2016/8/16,2186.23999,123.300003,777.140015,764.039978,109.379997
2016/8/17,2177.840088,124.370003,779.909973,764.630005,109.220001
2016/8/18,2181.899902,123.910004,777.5,764.460022,109.080002
2016/8/19,2184.23999,123.559998,775.419983,757.309998,109.360001
2016/8/22,2181.580078,124.150002,772.150024,759.47998,108.510002
2016/8/23,2187.810059,124.370003,772.080017,762.450012,108.849998
2016/8/24,2185.090088,123.480003,769.640015,757.25,108.029999
2016/8/25,2173.290039,123.889999,769.409973,759.219971,107.57
2016/8/26,2175.100098,124.959999,769.539978,769,106.940002
2016/8/29,2170.189941,126.540001,772.150024,771.289978,106.82
2016/8/30,2179.449951,125.839996,769.090027,767.580017,106
2016/8/31,2173.560059,126.120003,767.049988,769.159973,106.099998
2016/9/1,2171.330078,126.169998,768.780029,770.619995,106.730003
2016/9/2,2177.48999,126.510002,771.460022,772.440002,107.730003
2016/9/6,2181.610107,129.729996,780.080017,788.869995,107.699997
2016/9/7,2185.169922,131.050003,780.349976,784.47998,108.360001
2016/9/8,2182.76001,130.270004,775.320007,784.059998,105.519997
2016/9/9,2169.080078,127.099998,759.659973,760.140015,103.129997
2016/9/12,2120.860107,128.690002,769.02002,771.48999,105.440002
2016/9/13,2150.469971,127.209999,759.690002,761.01001,107.949997
2016/9/14,2127.860107,127.769997,762.48999,761.090027,111.769997
2016/9/15,2125.360107,128.350006,771.76001,769.690002,115.57
2016/9/16,2146.47998,129.070007,768.880005,778.52002,114.919998
2016/9/19,2143.98999,128.649994,765.700012,775.099976,113.580002
2016/9/20,2145.939941,128.639999,771.409973,780.219971,113.57
2016/9/21,2144.580078,129.940002,776.219971,789.73999,113.550003
2016/9/22,2170.939941,130.080002,787.210022,804.700012,114.620003
2016/9/23,2173.290039,127.959999,786.900024,805.75,112.709999
2016/9/26,2158.540039,127.309998,774.210022,799.159973,112.879997
2016/9/27,2146.040039,128.690002,783.01001,816.109985,113.089996
2016/9/28,2161.850098,129.229996,781.559998,828.719971,113.949997
2016/9/29,2168.899902,128.089996,775.01001,829.049988,112.18
2016/9/30,2156.51001,128.270004,777.289978,837.309998,113.050003
2016/10/3,2164.330078,128.770004,772.559998,836.73999,112.519997
2016/10/4,2163.370117,128.190002,776.429993,834.030029,113
2016/10/5,2155.149902,128.470001,776.469971,844.359985,113.050003
2016/10/6,2158.219971,128.740005,776.859985,841.659973,113.889999
2016/10/7,2164.189941,128.990005,775.080017,839.429993,114.059998
2016/10/10,2160.389893,130.240005,785.940002,841.710022,116.050003
2016/10/11,2161.350098,128.880005,783.070007,831,116.300003
2016/10/12,2137.669922,129.050003,786.140015,834.090027,117.339996
2016/10/13,2130.26001,127.82,778.190002,829.280029,116.980003
2016/10/14,2139.679932,127.879997,778.530029,822.960022,117.629997
2016/10/17,2132.949951,127.540001,779.960022,812.950012,117.550003
2016/10/18,2138.310059,128.570007,795.26001,817.650024,117.470001
2016/10/19,2140.810059,130.110001,801.5,817.690002,117.120003
2016/10/20,2142.51001,130,796.969971,810.320007,117.059998
2016/10/21,2139.429932,132.070007,799.369995,818.98999,116.599998
2016/10/24,2148.5,133.279999,813.109985,838.090027,117.650002
2016/10/25,2149.719971,132.289993,807.669983,835.179993,118.25
2016/10/26,2136.969971,131.039993,799.070007,822.590027,115.589996
2016/10/27,2144.060059,129.690002,795.349976,818.359985,114.480003
2016/10/28,2132.22998,131.289993,795.369995,776.320007,113.720001
2016/10/31,2129.780029,130.990005,784.539978,789.820007,113.540001
2016/11/1,2128.679932,129.5,783.609985,785.409973,111.489998
2016/11/2,2109.429932,127.169998,768.700012,765.559998,111.589996
2016/11/3,2098.800049,120,762.130005,767.030029,109.830002
2016/11/4,2083.790039,120.75,762.02002,755.049988,108.839996
2016/11/7,2100.590088,122.150002,782.52002,784.929993,110.410004
2016/11/8,2129.919922,124.220001,790.51001,787.75,111.059998
2016/11/9,2131.560059,123.18,785.309998,771.880005,110.879997
2016/11/10,2167.48999,120.800003,762.559998,742.380005,107.790001
2016/11/11,2162.709961,119.019997,754.02002,739.01001,108.43
2016/11/14,2165.639893,115.080002,736.080017,719.070007,105.709999
2016/11/15,2168.290039,117.199997,758.48999,743.23999,107.110001
2016/11/16,2177.530029,116.339996,764.47998,746.48999,109.989998
2016/11/17,2178.610107,117.790001,771.22998,756.400024,109.949997
2016/11/18,2186.850098,117.019997,760.539978,760.159973,110.059998
2016/11/21,2186.429932,121.769997,769.200012,780,111.730003
2016/11/22,2201.560059,121.470001,768.27002,785.330017,111.800003
2016/11/23,2198.550049,120.839996,760.98999,780.119995,111.230003
2016/11/25,2206.27002,120.379997,761.679993,780.369995,111.790001
2016/11/28,2210.209961,120.410004,768.23999,766.77002,111.57
2016/11/29,2200.76001,120.870003,770.840027,762.52002,111.459999
2016/11/30,2204.969971,118.419998,758.039978,750.570007,110.519997
2016/12/1,2200.169922,115.099998,747.919983,743.650024,109.489998
2016/12/2,2191.120117,115.400002,750.5,740.340027,109.900002
2016/12/5,2200.649902,117.43,762.52002,759.359985,109.110001
2016/12/6,2207.26001,117.309998,759.109985,764.719971,109.949997
2016/12/7,2210.719971,117.949997,771.190002,770.419983,111.029999
2016/12/8,2241.129883,118.910004,776.419983,767.330017,112.120003
2016/12/9,2249.72998,119.68,789.289978,768.659973,113.949997
2016/12/12,2258.830078,117.769997,789.27002,760.119995,113.300003
2016/12/13,2263.320068,120.309998,796.099976,774.340027,115.190002
2016/12/14,2268.350098,120.209999,797.070007,768.820007,115.190002
2016/12/15,2253.77002,120.57,797.849976,761,115.82
2016/12/16,2266.810059,119.870003,790.799988,757.77002,115.970001
2016/12/19,2259.23999,119.239998,794.200012,766,116.639999
2016/12/20,2266.5,119.089996,796.419983,771.219971,116.949997
2016/12/21,2270.540039,119.040001,794.559998,770.599976,117.059998
2016/12/22,2262.929932,117.400002,791.26001,766.340027,116.290001
2016/12/23,2260.25,117.269997,789.909973,760.590027,116.519997
2016/12/27,2266.22998,118.010002,791.549988,771.400024,117.260002
2016/12/28,2270.22998,116.919998,785.049988,772.130005,116.760002
2016/12/29,2249.5,116.349998,782.789978,765.150024,116.730003
2016/12/30,2251.610107,115.050003,771.820007,749.869995,115.82
2017/1/3,2251.570068,116.860001,786.140015,753.669983,116.150002
2017/1/4,2261.600098,118.690002,786.900024,757.179993,116.019997
2017/1/5,2268.179932,120.669998,794.02002,780.450012,116.610001
2017/1/6,2271.139893,123.410004,806.150024,795.98999,117.910004
2017/1/9,2273.590088,124.900002,806.650024,796.919983,118.989998
2017/1/10,2269.719971,124.349998,804.789978,795.900024,119.110001
2017/1/11,2268.600098,126.089996,807.909973,799.02002,119.75
2017/1/12,2271.139893,126.620003,806.359985,813.640015,119.25
2017/1/13,2272.73999,128.339996,807.880005,817.140015,119.040001
2017/1/17,2269.139893,127.870003,804.609985,809.719971,120
2017/1/18,2269.139893,127.919998,806.070007,807.47998,119.989998
2017/1/19,2271.899902,127.550003,802.174988,809.039978,119.779999
2017/1/20,2269.959961,127.040001,805.02002,808.330017,120
2017/1/23,2267.780029,128.929993,819.309998,817.880005,120.080002
2017/1/24,2267.879883,129.369995,823.869995,822.440002,119.970001
2017/1/25,2288.879883,131.479996,835.669983,836.52002,121.879997
2017/1/26,2298.629883,132.779999,832.150024,839.150024,121.940002
2017/1/27,2299.02002,132.179993,823.309998,835.77002,121.949997
2017/1/30,2286.01001,130.979996,802.320007,830.380005,121.629997
2017/1/31,2274.02002,130.320007,796.789978,823.47998,121.349998
2017/2/1,2285.590088,133.229996,795.695007,832.349976,128.75
2017/2/2,2276.689941,130.839996,798.530029,839.950012,128.529999
2017/2/3,2288.540039,130.979996,801.48999,810.200012,129.080002
2017/2/6,2294.280029,132.059998,801.340027,807.640015,130.289993
2017/2/7,2295.870117,131.839996,806.969971,812.5,131.529999
2017/2/8,2289.550049,134.199997,808.380005,819.710022,132.039993
2017/2/9,2296.699951,134.139999,809.559998,821.359985,132.419998
2017/2/10,2312.27002,134.190002,813.669983,827.460022,132.119995
2017/2/13,2321.719971,134.050003,819.23999,836.530029,133.289993
2017/2/14,2326.120117,133.850006,820.450012,836.390015,135.020004
2017/2/15,2335.580078,133.440002,818.97998,842.700012,135.509995
2017/2/16,2349.639893,133.839996,824.159973,844.140015,135.350006
2017/2/17,2343.01001,133.529999,828.070007,845.070007,135.720001
2017/2/21,2354.909912,133.720001,831.659973,856.440002,136.699997
2017/2/22,2361.110107,136.119995,830.76001,855.609985,137.110001
2017/2/23,2367.5,135.360001,831.330017,852.190002,136.529999
2017/2/24,2355.72998,135.440002,828.640015,845.23999,136.660004
2017/2/27,2365.22998,136.410004,829.280029,848.640015,136.929993
2017/2/28,2366.080078,135.539993,823.210022,845.039978,136.990005
2017/3/1,2380.129883,137.419998,835.23999,853.080017,139.789993
2017/3/2,2394.75,136.759995,830.630005,848.909973,138.960007
2017/3/3,2380.919922,137.169998,829.080017,849.880005,139.779999
2017/3/6,2375.22998,137.419998,827.780029,846.609985,139.339996
2017/3/7,2370.73999,137.300003,831.909973,846.02002,139.520004
2017/3/8,2369.810059,137.720001,835.369995,850.5,139
2017/3/9,2363.48999,138.240005,838.679993,853,138.679993
2017/3/10,2372.52002,138.789993,843.25,852.460022,139.139999
2017/3/13,2371.560059,139.600006,845.539978,854.590027,139.199997
2017/3/14,2368.550049,139.320007,845.619995,852.530029,138.990005
2017/3/15,2370.340088,139.720001,847.200012,852.969971,140.460007
2017/3/16,2387.709961,139.990005,848.780029,853.419983,140.690002
2017/3/17,2383.709961,139.839996,852.119995,852.309998,139.990005
2017/3/20,2378.23999,139.940002,848.400024,856.969971,141.460007
2017/3/21,2379.320068,138.509995,830.460022,843.200012,139.839996
2017/3/22,2343,139.589996,829.590027,848.059998,141.419998
2017/3/23,2345.969971,139.529999,817.580017,847.380005,140.919998
2017/3/24,2350.419922,140.339996,814.429993,845.609985,140.639999
2017/3/27,2329.110107,140.320007,819.51001,846.820007,140.880005
2017/3/28,2339.790039,141.759995,820.919983,856,143.800003
2017/3/29,2356.540039,142.649994,831.409973,874.320007,144.119995
2017/3/30,2361.310059,142.410004,831.5,876.340027,143.929993
2017/3/31,2364.820068,142.050003,829.559998,886.539978,143.660004
2017/4/3,2362.340088,142.279999,838.549988,891.51001,143.699997
2017/4/4,2354.76001,141.729996,834.570007,906.830017,144.770004
2017/4/5,2366.590088,141.850006,831.409973,909.280029,144.020004
2017/4/6,2353.790039,141.169998,827.880005,898.280029,143.660004
2017/4/7,2356.590088,140.779999,824.669983,894.880005,143.339996
2017/4/10,2357.159912,141.039993,824.72998,907.039978,143.169998
2017/4/11,2353.919922,139.919998,823.349976,902.359985,141.630005
2017/4/12,2352.149902,139.580002,824.320007,896.22998,141.800003
2017/4/13,2341.97998,139.389999,823.559998,884.669983,141.050003
2017/4/17,2332.620117,141.419998,837.169983,901.98999,141.830002
2017/4/18,2342.530029,140.960007,836.820007,903.780029,141.199997
2017/4/19,2346.790039,142.270004,838.210022,899.200012,140.679993
2017/4/20,2342.689941,143.800003,841.650024,902.059998,142.440002
2017/4/21,2354.73999,143.679993,843.190002,898.530029,142.270004
2017/4/24,2370.330078,145.470001,862.76001,907.409973,143.639999
2017/4/25,2381.51001,146.490005,872.299988,907.619995,144.529999
2017/4/26,2388.97998,146.559998,871.72998,909.289978,143.679993
2017/4/27,2389.699951,147.699997,874.25,918.380005,143.789993
2017/4/28,2393.679932,150.25,905.960022,924.98999,143.649994
2017/5/1,2388.5,152.460007,912.570007,948.22998,146.580002
2017/5/2,2391.050049,152.779999,916.440002,946.940002,147.509995
2017/5/3,2386.5,151.800003,927.039978,941.030029,147.059998
2017/5/4,2389.790039,150.850006,931.659973,937.530029,146.529999
2017/5/5,2392.370117,150.240005,927.130005,934.150024,148.960007
2017/5/8,2399.939941,151.059998,934.299988,949.039978,153.009995
2017/5/9,2401.580078,150.479996,932.169983,952.820007,153.990005
2017/5/10,2396.790039,150.289993,928.780029,948.950012,153.259995
2017/5/11,2394.840088,150.039993,930.599976,947.619995,153.949997
2017/5/12,2392.439941,150.330002,932.219971,961.349976,156.100006
2017/5/15,2393.97998,150.190002,937.080017,957.969971,155.699997
2017/5/16,2404.550049,149.779999,943,966.070007,155.470001
2017/5/17,2382.949951,144.850006,919.619995,944.76001,150.25
2017/5/18,2354.689941,147.660004,930.23999,958.48999,152.539993
2017/5/19,2371.370117,148.059998,934.01001,959.840027,153.059998
2017/5/22,2387.209961,148.240005,941.859985,970.669983,153.990005
2017/5/23,2397.040039,148.070007,948.820007,971.539978,153.800003
2017/5/24,2401.409912,150.039993,954.960022,980.349976,153.339996
2017/5/25,2409.540039,151.960007,969.539978,993.380005,153.869995
2017/5/26,2414.5,152.130005,971.469971,995.780029,153.610001
2017/5/30,2411.669922,152.380005,975.880005,996.700012,153.669998
2017/5/31,2415.629883,151.460007,964.859985,994.619995,152.759995
2017/6/1,2415.649902,151.529999,966.950012,995.950012,153.179993
2017/6/2,2431.280029,153.610001,975.599976,1006.72998,155.449997
2017/6/5,2437.830078,153.630005,983.679993,1011.340027,153.929993
2017/6/6,2431.919922,152.809998,976.570007,1003,154.449997
2017/6/7,2432.030029,153.119995,980.940002,1010.070007,155.369995
2017/6/8,2434.27002,154.710007,983.409973,1010.27002,154.990005
2017/6/9,2436.389893,149.600006,949.830017,978.309998,148.979996
2017/6/12,2425.879883,148.440002,942.900024,964.909973,145.419998
2017/6/13,2434.149902,150.679993,953.400024,980.789978,146.589996
2017/6/14,2443.75,150.25,950.76001,976.469971,145.160004
2017/6/15,2424.139893,149.800003,942.309998,964.169983,144.289993
2017/6/16,2431.23999,150.639999,939.780029,987.710022,142.270004
2017/6/19,2442.550049,152.869995,957.369995,995.169983,146.339996
2017/6/20,2450.659912,152.25,950.630005,992.590027,145.009995
2017/6/21,2439.310059,153.910004,959.450012,1002.22998,145.869995
2017/6/22,2437.399902,153.399994,957.090027,1001.299988,145.630005
2017/6/23,2434.649902,155.070007,965.590027,1003.73999,146.279999
2017/6/26,2443.320068,153.589996,952.27002,993.97998,145.820007
2017/6/27,2436.340088,150.580002,927.330017,976.780029,143.729996
2017/6/28,2428.699951,153.240005,940.48999,990.330017,145.830002
2017/6/29,2442.379883,151.039993,917.789978,975.929993,143.679993
2017/6/30,2429.199951,150.979996,908.72998,968,144.020004
2017/7/3,2431.389893,148.429993,898.700012,953.659973,143.5
2017/7/5,2430.780029,150.339996,911.710022,971.400024,144.089996
2017/7/6,2423.439941,148.820007,906.690002,965.140015,142.729996
2017/7/7,2413.52002,151.440002,918.590027,978.76001,144.179993
2017/7/10,2424.51001,153.5,928.799988,996.469971,145.059998
2017/7/11,2427.350098,155.270004,930.090027,994.130005,145.529999
2017/7/12,2435.75,158.899994,943.830017,1006.51001,145.740005
2017/7/13,2444.98999,159.259995,947.159973,1000.630005,147.770004
2017/7/14,2449.159912,159.970001,955.98999,1001.809998,149.039993
2017/7/17,2459.5,159.729996,953.419983,1010.039978,149.559998
2017/7/18,2455.879883,162.860001,965.400024,1024.449951,150.080002
2017/7/19,2463.850098,164.139999,970.890015,1026.869995,151.020004
2017/7/20,2475.560059,164.529999,968.150024,1028.699951,150.339996
2017/7/21,2467.399902,164.429993,972.919983,1025.670044,150.270004
2017/7/24,2472.040039,166,980.340027,1038.949951,152.089996
2017/7/25,2477.879883,165.279999,950.700012,1039.869995,152.740005
2017/7/26,2479.969971,165.610001,947.799988,1052.800049,153.460007
2017/7/27,2482.76001,170.440002,934.090027,1046,150.559998
2017/7/28,2469.120117,172.449997,941.530029,1020.039978,149.5
2017/7/31,2475.939941,169.25,930.5,987.780029,148.729996
2017/8/1,2477.100098,169.860001,930.830017,996.190002,150.050003
2017/8/2,2480.379883,169.300003,930.390015,995.890015,157.139999
2017/8/3,2476.030029,168.589996,923.650024,986.919983,155.570007
2017/8/4,2476.879883,169.619995,927.960022,987.580017,156.389999
2017/8/7,2477.139893,171.979996,929.359985,992.27002,158.809998
2017/8/8,2478.350098,171.229996,926.789978,989.840027,160.080002
2017/8/9,2465.350098,171.179993,922.900024,982.01001,161.059998
2017/8/10,2465.379883,167.399994,907.23999,956.919983,155.320007
2017/8/11,2441.040039,168.080002,914.390015,967.98999,157.479996
2017/8/14,2454.959961,170.75,922.669983,983.299988,159.850006
2017/8/15,2468.659912,171,922.219971,982.73999,161.600006
2017/8/16,2468.629883,170,926.960022,978.179993,160.949997
2017/8/17,2462.949951,166.910004,910.97998,960.570007,157.860001
2017/8/18,2427.639893,167.410004,910.669983,958.469971,157.5
2017/8/21,2425.5,167.779999,906.659973,953.289978,157.210007
2017/8/22,2433.75,169.639999,924.690002,966.900024,159.779999
2017/8/23,2444.879883,168.710007,927,958,159.979996
2017/8/24,2447.909912,167.740005,921.280029,952.450012,159.270004
2017/8/25,2444.719971,166.320007,915.890015,945.26001,159.860001
2017/8/28,2447.350098,167.240005,913.809998,946.02002,161.470001
2017/8/29,2431.939941,168.050003,921.289978,954.059998,162.910004
2017/8/30,2446.060059,169.919998,929.570007,967.590027,163.350006
2017/8/31,2462.649902,171.970001,939.330017,980.599976,164
2017/9/1,2474.419922,172.020004,937.340027,978.25,164.050003
2017/9/5,2470.350098,170.720001,928.450012,965.27002,162.080002
2017/9/6,2463.830078,172.089996,927.809998,967.799988,161.910004
2017/9/7,2468.060059,173.210007,935.950012,979.469971,161.259995
2017/9/8,2462.25,170.949997,926.5,965.900024,158.630005
2017/9/11,2474.52002,173.509995,929.080017,977.960022,161.5
2017/9/12,2491.939941,172.960007,932.070007,982.580017,160.860001
2017/9/13,2493.889893,173.050003,935.090027,999.599976,159.649994
2017/9/14,2494.560059,170.960007,925.109985,992.210022,158.279999
2017/9/15,2495.669922,171.639999,920.289978,986.789978,159.880005
2017/9/18,2502.51001,170.009995,915,974.190002,158.669998
2017/9/19,2506.290039,172.520004,921.809998,969.859985,158.729996
2017/9/20,2506.840088,172.169998,931.580017,973.210022,156.070007
2017/9/21,2507.159912,171.110001,932.450012,964.650024,153.389999
2017/9/22,2497.26001,170.539993,928.530029,955.099976,151.889999
2017/9/25,2499.389893,162.869995,920.969971,939.789978,150.550003
2017/9/26,2501.040039,164.210007,924.859985,938.599976,153.139999
2017/9/27,2503.300049,167.679993,944.48999,950.869995,154.229996
2017/9/28,2503.409912,168.729996,949.5,956.400024,153.279999
2017/9/29,2509.959961,170.869995,959.109985,961.349976,154.119995
2017/10/2,2521.199951,169.470001,953.27002,959.190002,153.809998
2017/10/3,2530.340088,169.960007,957.789978,957.099976,154.479996
2017/10/4,2533.47998,168.419998,951.679993,965.450012,153.479996
2017/10/5,2540.860107,171.240005,969.960022,980.849976,155.389999
2017/10/6,2547.439941,172.229996,978.890015,989.580017,155.300003
2017/10/9,2551.389893,172.5,977,990.98999,155.839996
2017/10/10,2549.98999,171.589996,972.599976,987.200012,155.899994
2017/10/11,2550.620117,172.740005,989.25,995,156.550003
2017/10/12,2552.879883,172.550003,987.830017,1000.929993,156
2017/10/13,2555.659912,173.740005,989.679993,1002.940002,156.990005
2017/10/16,2555.570068,174.520004,992,1006.340027,159.880005
2017/10/17,2557.169922,176.110001,992.179993,1009.130005,160.470001
2017/10/18,2562.870117,176.029999,992.809998,997,159.759995
2017/10/19,2553.389893,174.559998,984.450012,986.609985,155.979996
2017/10/20,2567.560059,174.979996,988.200012,982.909973,156.25
2017/10/23,2578.080078,171.270004,968.450012,966.299988,156.169998
2017/10/24,2568.659912,171.800003,970.539978,975.900024,157.100006
2017/10/25,2566.52002,170.600006,973.330017,972.909973,156.410004
2017/10/26,2560.080078,170.630005,972.559998,972.429993,157.410004
2017/10/27,2570.26001,177.880005,1019.27002,1100.949951,163.050003
2017/10/30,2577.75,179.869995,1017.109985,1110.849976,166.720001
2017/10/31,2575.98999,180.059998,1016.640015,1105.280029,169.039993
2017/11/1,2583.209961,182.660004,1025.5,1103.680054,166.889999
2017/11/2,2579.459961,178.919998,1025.579956,1094.219971,168.110001
2017/11/3,2581.929932,178.919998,1032.47998,1111.599976,172.5
2017/11/6,2587.469971,180.169998,1025.900024,1120.660034,174.25
2017/11/7,2592.110107,180.25,1033.329956,1123.170044,174.809998
2017/11/8,2588.709961,179.559998,1039.849976,1132.880005,176.240005
2017/11/9,2584,179.300003,1031.26001,1129.130005,175.880005
2017/11/10,2580.179932,178.460007,1028.069946,1125.349976,174.669998
2017/11/13,2576.530029,178.770004,1025.75,1129.170044,173.970001
2017/11/14,2577.75,178.070007,1026,1136.839966,171.339996
2017/11/15,2569.449951,177.949997,1020.909973,1126.689941,169.080002
2017/11/16,2572.949951,179.589996,1032.5,1137.290039,171.100006
2017/11/17,2582.939941,179,1019.090027,1129.880005,170.149994
2017/11/20,2579.48999,178.740005,1018.380005,1126.310059,169.979996
2017/11/21,2589.169922,181.860001,1034.48999,1139.48999,173.139999
2017/11/22,2600.310059,180.869995,1035.959961,1156.160034,174.960007
2017/11/24,2600.419922,182.779999,1040.609985,1186,174.970001
2017/11/27,2602.659912,183.029999,1054.209961,1195.829956,174.089996
2017/11/28,2605.939941,182.419998,1047.410034,1193.599976,173.070007
2017/11/29,2627.820068,175.130005,1021.659973,1161.27002,169.479996
2017/11/30,2633.929932,177.179993,1021.409973,1176.75,171.850006
2017/12/1,2645.100098,175.100006,1010.169983,1162.349976,171.050003
2017/12/4,2657.189941,171.470001,998.679993,1133.949951,169.800003
2017/12/5,2639.780029,172.830002,1005.150024,1141.569946,169.639999
2017/12/6,2626.23999,176.059998,1018.380005,1152.349976,169.009995
2017/12/7,2628.379883,180.139999,1030.930054,1159.790039,169.320007
2017/12/8,2646.209961,179,1037.050049,1162,169.369995
2017/12/11,2652.189941,179.039993,1041.099976,1168.920044,172.669998
2017/12/12,2661.72998,176.960007,1040.47998,1165.079956,171.699997
2017/12/13,2667.590088,178.300003,1040.609985,1164.130005,172.270004
2017/12/14,2665.870117,178.389999,1049.150024,1174.26001,172.220001
2017/12/15,2660.629883,180.179993,1064.189941,1179.140015,173.970001
2017/12/18,2685.919922,180.820007,1077.140015,1190.579956,176.419998
2017/12/19,2692.709961,179.509995,1070.680054,1187.380005,174.539993
2017/12/20,2688.179932,177.889999,1064.949951,1177.619995,174.350006
2017/12/21,2683.02002,177.449997,1063.630005,1174.76001,175.009995
2017/12/22,2684.219971,177.199997,1060.119995,1168.359985,175.009995
2017/12/26,2679.090088,175.990005,1056.73999,1176.76001,170.570007
2017/12/27,2682.100098,177.619995,1049.369995,1182.26001,170.600006
2017/12/28,2686.100098,177.919998,1048.140015,1186.099976,171.080002
2017/12/29,2689.149902,176.460007,1046.400024,1169.469971,169.229996
2018/1/2,2683.72998,181.419998,1065,1189.01001,172.259995
2018/1/3,2697.850098,184.669998,1082.47998,1204.199951,172.229996
2018/1/4,2719.310059,184.330002,1086.400024,1209.589966,173.029999
2018/1/5,2731.330078,186.850006,1102.22998,1229.140015,175
2018/1/8,2742.669922,188.279999,1106.939941,1246.869995,174.350006
2018/1/9,2751.149902,187.869995,1106.26001,1252.699951,174.330002
2018/1/10,2745.550049,187.839996,1102.609985,1254.329956,174.289993
2018/1/11,2752.969971,187.770004,1105.52002,1276.680054,175.279999
2018/1/12,2770.179932,179.369995,1122.26001,1305.199951,177.089996
2018/1/16,2798.959961,178.389999,1121.76001,1304.859985,176.190002
2018/1/17,2784.98999,177.600006,1131.97998,1295,179.100006
2018/1/18,2802.399902,179.800003,1129.790039,1293.319946,179.259995
2018/1/19,2802.600098,181.289993,1137.51001,1294.579956,178.460007
2018/1/22,2809.159912,185.369995,1155.810059,1327.310059,177
2018/1/23,2835.050049,189.350006,1169.969971,1362.540039,177.039993
2018/1/24,2845.419922,186.550003,1164.23999,1357.51001,174.220001
2018/1/25,2846.23999,187.479996,1170.369995,1377.949951,171.110001
2018/1/26,2847.47998,190,1175.839966,1402.050049,171.509995
2018/1/29,2867.22998,185.979996,1175.579956,1417.680054,167.960007
2018/1/30,2832.73999,187.119995,1163.689941,1437.819946,166.970001
2018/1/31,2832.409912,186.889999,1169.939941,1450.890015,167.429993
2018/2/1,2816.449951,193.089996,1167.699951,1390,167.779999
2018/2/2,2808.919922,190.279999,1111.900024,1429.949951,160.5
2018/2/5,2741.060059,181.259995,1055.800049,1390,156.490005
2018/2/6,2614.780029,185.309998,1080.599976,1442.839966,163.029999
2018/2/7,2690.949951,180.179993,1048.579956,1416.780029,159.539993
2018/2/8,2685.01001,171.580002,1001.52002,1350.5,155.149994
2018/2/9,2601.780029,176.110001,1037.780029,1339.599976,156.410004
2018/2/12,2636.75,176.410004,1051.939941,1386.22998,162.710007
2018/2/13,2646.27002,173.149994,1052.099976,1414.51001,164.339996
2018/2/14,2651.209961,179.520004,1069.699951,1451.050049,167.369995
2018/2/15,2713.459961,179.960007,1089.52002,1461.76001,172.990005
2018/2/16,2727.139893,177.360001,1094.800049,1448.689941,172.429993
2018/2/20,2722.98999,176.009995,1102.459961,1468.349976,171.850006
2018/2/21,2720.530029,177.910004,1111.339966,1482.920044,171.070007
2018/2/22,2710.419922,178.990005,1106.630005,1485.339966,172.5
2018/2/23,2715.800049,183.289993,1126.790039,1500,175.5
2018/2/26,2757.370117,184.929993,1143.75,1521.949951,178.970001
2018/2/27,2780.449951,181.460007,1118.290039,1511.97998,178.389999
2018/2/28,2753.780029,178.320007,1104.72998,1512.449951,178.119995
2018/3/1,2715.219971,175.940002,1069.52002,1493.449951,175
2018/3/2,2658.889893,176.619995,1078.920044,1500.25,176.210007
2018/3/5,2681.060059,180.399994,1090.930054,1523.609985,176.820007
2018/3/6,2730.179932,179.779999,1095.060059,1537.640015,176.669998
2018/3/7,2710.179932,183.710007,1109.640015,1545,175.029999
2018/3/8,2732.75,182.339996,1126,1551.859985,176.940002
2018/3/9,2752.909912,185.229996,1160.040039,1578.890015,179.979996
2018/3/12,2790.540039,184.759995,1164.5,1598.390015,181.720001
2018/3/13,2792.310059,181.880005,1138.170044,1588.180054,179.970001
2018/3/14,2774.060059,184.190002,1149.48999,1591,178.440002
2018/3/15,2754.27002,183.860001,1149.579956,1582.319946,178.649994
2018/3/16,2750.570068,185.089996,1135.72998,1571.680054,178.020004
2018/3/19,2741.379883,172.559998,1099.819946,1544.930054,175.300003
2018/3/20,2715.050049,168.149994,1097.709961,1586.51001,175.240005
2018/3/21,2714.98999,169.389999,1090.880005,1581.859985,171.270004
2018/3/22,2691.360107,164.889999,1049.079956,1544.920044,168.850006
2018/3/23,2646.709961,159.389999,1021.570007,1495.560059,164.940002
2018/3/26,2619.350098,160.059998,1053.209961,1555.859985,172.770004
2018/3/27,2667.570068,152.220001,1005.099976,1497.050049,168.339996
2018/3/28,2611.300049,153.029999,1004.559998,1431.420044,166.479996
2018/3/29,2614.409912,159.789993,1031.790039,1447.339966,167.779999
2018/4/2,2633.449951,155.389999,1006.469971,1371.98999,166.679993
2018/4/3,2592.169922,156.110001,1013.409973,1392.050049,168.389999
2018/4/4,2584.040039,155.100006,1025.140015,1410.569946,171.610001
2018/4/5,2657.360107,159.339996,1027.810059,1451.75,172.800003
2018/4/6,2645.820068,157.199997,1007.039978,1405.22998,168.380005
2018/4/9,2617.179932,157.929993,1015.450012,1406.079956,170.050003
2018/4/10,2638.409912,165.039993,1031.640015,1436.219971,173.25
2018/4/11,2643.889893,166.320007,1019.969971,1427.050049,172.440002
2018/4/12,2653.830078,163.869995,1032.51001,1448.5,174.139999
2018/4/13,2676.899902,164.520004,1029.27002,1430.790039,174.729996
2018/4/16,2670.100098,164.830002,1037.97998,1441.5,175.820007
2018/4/17,2692.73999,168.660004,1074.160034,1503.829956,178.240005
2018/4/18,2710.110107,166.360001,1072.079956,1527.839966,177.839996
2018/4/19,2701.159912,168.100006,1087.699951,1556.910034,172.800003
2018/4/20,2692.560059,166.279999,1072.959961,1527.48999,165.720001